了	lewX	lewX		lewX	complete, finished	GSR	HYDZD	rad	str	Unicode
仞	nyinH	nyinH		nyinH	measure of length, to get to the bottom of	GSR	HYDZD	rad	str	Unicode
低	tej	tej		tej	t.v., to lower	GSR	HYDZD	rad	str	Unicode
佚	yit	yit		yit	secluded,excluded,mistake, ~逸 unconventional, 佚豫 yit-yoH, lax and careless, nonchalant; also, speeding swiftly. ~迭 in turn, successively.	GSR	HYDZD	rad	str	Unicode
併	pjeng	pjeng		pjeng	(屏) to screen off; block, remove	GSR	HYDZD	rad	str	Unicode
併	pjiengH	pjiengH		pjiengH	conjoin;combine, together;both	GSR	HYDZD	rad	str	Unicode
侃	khanX	khanX		khanX	iytsoijebm cabdud	GSR	HYDZD	rad	str	Unicode
侗	duwng	duwng		duwng	child,immature	GSR	HYDZD	rad	str	Unicode
俄	nga	nga		nga	suddenly; soon; presently	GSR	HYDZD	rad	str	Unicode
俎	tsrjoX	tsrjoX		tsrjoX	meat-tray,chopping-block	GSR	HYDZD	rad	str	Unicode
倦	gjwenH	gjwenH		gjwenH	weary,fatigued	GSR	HYDZD	rad	str	Unicode
倩	tshenH	tshenH		tshenH	attractive,charming	GSR	HYDZD	rad	str	Unicode
倩	tshjengH	tshjengH		tshjengH	ask for something to be done in one's place as a favor,son-in-law	GSR	HYDZD	rad	str	Unicode
偲	tshoj	tshoj		tshoj	able,talented	GSR	HYDZD	rad	str	Unicode
僎	dzrjenX	dzrjenX		dzrjenX	to prepare	GSR	HYDZD	rad	str	Unicode
僎	tswin	tswin		tswin	~遵, to follow	GSR	HYDZD	rad	str	Unicode
僧	song	song		song	buddhist monk	GSR	HYDZD	rad	str	Unicode
僮	duwng	duwng		duwng	boy, serving-lad	GSR	HYDZD	rad	str	Unicode
儒	nyju	nyju		nyju	scholar; learned person, idiot	GSR	HYDZD	rad	str	Unicode
儵	syuwk	syuwk		syuwk	black, white flash in darkness	GSR	HYDZD	rad	str	Unicode
内	nop	nop		nop	(納) enter, pass into	GSR	HYDZD	rad	str	Unicode
内	nwojH	nwojH		nwojH	inside, within area, esoteric	GSR	HYDZD	rad	str	Unicode
冉	nyjem	nyjem		nyjem	steadily approaching, surname	GSR	HYDZD	rad	str	Unicode
冶	yaeX	yaeX		yaeX	to smelt; smelter; bewitching	GSR	HYDZD	rad	str	Unicode
冷	laengX	laengX		laengX	cold, secluded, indifferent	GSR	HYDZD	rad	str	Unicode
刎	mjunX	mjunX		mjunX	cut one's throat, esp. suicide	GSR	HYDZD	rad	str	Unicode
剪	tsjenX	tsjenX		tsjenX	翦 to cut off, shear, deplete	GSR	HYDZD	rad	str	Unicode
匵	duwk	duwk		duwk	~櫝 casket/coffin	GSR	HYDZD	rad	str	Unicode
卽	tsik	tsik		tsik	to approach; go near to eat, thereupon	GSR	HYDZD	rad	str	Unicode
参	srim	srim		srim	the constellation Orion (named for the three stars in Orion's belt)	GSR	HYDZD	rad	str	Unicode
叛	bwan	bwan		bwan	rebel; betray	GSR	HYDZD	rad	str	Unicode
只	tsyeX	tsyeX		tsyeX	phrase-middle/-final particle; only, merely; still	GSR	HYDZD	rad	str	Unicode
吻	mjunX	mjunX		mjunX	mouth, kiss	GSR	HYDZD	rad	str	Unicode
啟	khejX	khejX		khejX	open,unfold,unfasten,start,expound,letter	GSR	HYDZD	rad	str	Unicode
喭	ngjenH	ngjenH		ngjenH	surly,rude;coarse,unmannered.	GSR	HYDZD	rad	str	Unicode
嗚	'u	'u		'u	onomatic element in various compounds	GSR	HYDZD	rad	str	Unicode
噫	'ik	'ik		'ik	chest;breast,what is in one's heart	GSR	HYDZD	rad	str	Unicode
圃	puX	puX		puX	vegetable garden,threshing floor	GSR	HYDZD	rad	str	Unicode
坫	temH	temH		temH	stand or sideboard where cups were placed upside-down after use.	GSR	HYDZD	rad	str	Unicode
奡	ngawH	ngawH		ngawH	~傲 high-borne, high-held; haughty, proud. (bn.) 燾奡 (dawH-ngawH) tower upwards.	GSR	HYDZD	rad	str	Unicode
奩	ljem	ljem		ljem	vanity-case	GSR	HYDZD	rad	str	Unicode
姚	yew	yew		yew	graceful	GSR	HYDZD	rad	str	Unicode
娟	'jwien	'jwien		'jwien	娟娟 lovely and lissom, fair and winsom	GSR	HYDZD	rad	str	Unicode
娥	nga	nga		nga	name of legendary lady 嫦娥- stole elixir of immortality	GSR	HYDZD	rad	str	Unicode
嫦	dzyang	dzyang		dzyang	name of legendary lady 嫦娥- stole elixir of immortality	GSR	HYDZD	rad	str	Unicode
嬴	yeng	yeng		yeng	fullness, surplus, vanquish	GSR	HYDZD	rad	str	Unicode
嬴	yeng	yeng		yeng	fullness;plentitude, vanquish;excel, be in charge of	GSR	HYDZD	rad	str	Unicode
寮	lew	lew		lew	small window, official colleague	GSR	HYDZD	rad	str	Unicode
屁	phijH	phijH		phijH	fart	GSR	HYDZD	rad	str	Unicode
岐	gje	gje		gje	high; majestic; fork in road	GSR	HYDZD	rad	str	Unicode
崑	kwon	kwon		kwon	崑崙 Kunlun Mountains	GSR	HYDZD	rad	str	Unicode
崙	lwon	lwon		lwon	崑崙 Kunlun Mountains	GSR	HYDZD	rad	str	Unicode
巨	gjoX	gjoX		gjoX	huge, a surname, one million	GSR	HYDZD	rad	str	Unicode
巽	swonH	swonH		swonH	weak;yielding;gentle	GSR	HYDZD	rad	str	Unicode
床	dzrjang	dzrjang		dzrjang	n. bed	GSR	HYDZD	rad	str	Unicode
廋	srjuw	srjuw		srjuw	hide,conceal,corner,hollow, search/seak out	GSR	HYDZD	rad	str	Unicode
廿	nyip	nyip		nyip	twenty	GSR	HYDZD	rad	str	Unicode
強	gȷang	gȷang		gȷang	to be strong (same as 彊)	GSR	HYDZD	rad	str	Unicode
彬	pin	pin		pin	half-and-half,in equal parts	GSR	HYDZD	rad	str	Unicode
徊	hwoj	hwoj		hwoj	徘徊 to go round and about	GSR	HYDZD	rad	str	Unicode
徘	bwoj	bwoj		bwoj	徘徊 to go round and about	GSR	HYDZD	rad	str	Unicode
忮	tsyeH	tsyeH		tsyeH	object to, be hostile to, intractable	GSR	HYDZD	rad	str	Unicode
怍	dzak	dzak		dzak	ashamed,abashed,discomforted	GSR	HYDZD	rad	str	Unicode
怵	trhwit	trhwit		trhwit	to fear / to be afraid; sad/sorrowful	GSR	HYDZD	rad	str	Unicode
恂	swin	swin		swin	unfeigning,simple,unimpeded,fearful of,rdp. with respect and care	GSR	HYDZD	rad	str	Unicode
悱	phj+jX	phj+jX		phj+jX	frustrated by being at a loss for words	GSR	HYDZD	rad	str	Unicode
悾	khuwng	khuwng		khuwng	drup. innocent	GSR	HYDZD	rad	str	Unicode
惻	tsrhik	tsrhik		tsrhik	sad; sorrowful; grieved; to be sympathetic; to be empathetic; (literary) sincere; earnest	GSR	HYDZD	rad	str	Unicode
愚	ngju	ngju		ngju	fool; to embarrass	GSR	HYDZD	rad	str	Unicode
愿	ngjwonH	ngjwonH		ngjwonH	devoted to, diligent; attentive, careful, prudent.	GSR	HYDZD	rad	str	Unicode
慊	khemX	khemX		khemX	to resent, to be dissatisfied	GSR	HYDZD	rad	str	Unicode
慍	'junH	'junH		'junH	nourish a grudge, feel resentment but not act on it, loathe	GSR	HYDZD	rad	str	Unicode
慾	yowk	yowk		yowk	crave;desire,lust	GSR	HYDZD	rad	str	Unicode
憚	tanH	tanH		tanH	shy away from, flinch, be wary, ~癉 exhaustion	GSR	HYDZD	rad	str	Unicode
憚	tat	tat		tat	~怛 startle, alarm	GSR	HYDZD	rad	str	Unicode
憮	mjuX	mjuX		mjuX	rueful, despairing ~嫵, appealing, likeable	GSR	HYDZD	rad	str	Unicode
應	'ingH	'ingH		'ingH	respond to, reply	GSR	HYDZD	rad	str	Unicode
扑	phuwk	phuwk		phuwk	strike, beat, tap	GSR	HYDZD	rad	str	Unicode
打	tengX	tengX		tengX	strike,beat; attack	GSR	HYDZD	rad	str	Unicode
拒	gjoX	gjoX		gjoX	resist, repudiate	GSR	HYDZD	rad	str	Unicode
拒	kjuX	kjuX		kjuX	defensive square (battle formation)	GSR	HYDZD	rad	str	Unicode
拘	kju	kju		kju	seize, apprehend	GSR	HYDZD	rad	str	Unicode
拘	kuw	kuw		kuw	bent, buckled	GSR	HYDZD	rad	str	Unicode
括	kat	kat		kat	to tie up; search; embrace	GSR	HYDZD	rad	str	Unicode
掛	kweaH	kweaH		kweaH	suspend, be worried about, catch/snare	GSR	HYDZD	rad	str	Unicode
擇	draek	draek		draek	select, choose, separate out, prefer	GSR	HYDZD	rad	str	Unicode
擯	pjinH	pjinH		pjinH	throw out, expel, ~儐 receive guests	GSR	HYDZD	rad	str	Unicode
擾	nyewX	nyewX		nyewX	throw into confusion, domesticated	GSR	HYDZD	rad	str	Unicode
教	kaew	kaew		kaew	to bring about, to cause, allow	GSR	HYDZD	rad	str	Unicode
斐	phj+jX	phj+jX		phj+jX	colorful, ornate	GSR	HYDZD	rad	str	Unicode
斜	zae	zae		zae	slant,incline	GSR	HYDZD	rad	str	Unicode
旣	kj+jH	kj+jH		kj+jH	already; de facto; since; then	GSR	HYDZD	rad	str	Unicode
映	'jaengH	'jaengH		'jaengH	glint;dazzle, put in the shade	GSR	HYDZD	rad	str	Unicode
普	phuX	phuX		phuX	universal,all	GSR	HYDZD	rad	str	Unicode
暐	hj+jX	hj+jX		hj+jX	(literary) abundant appearance of light	GSR	HYDZD	rad	str	Unicode
暝	mengH	mengH		mengH	dark; nighttime; realm of spirits	GSR	HYDZD	rad	str	Unicode
暮	muH	muH		muH	sunset/nightfall	GSR	HYDZD	rad	str	Unicode
曳	yejH	yejH		yejH	drag, drape, fatigued	GSR	HYDZD	rad	str	Unicode
曾	tsong	tsong		tsong	Surname: Zēng	GSR	HYDZD	rad	str	Unicode
杇	'u	'u		'u	~圬 to plaster,roughcast	GSR	HYDZD	rad	str	Unicode
杖	drjangX	drjangX		drjangX	staff, hold onto, cudgel	GSR	HYDZD	rad	str	Unicode
杞	khiX	khiX		khiX	purple willow, wolfberry, boxtree	GSR	HYDZD	rad	str	Unicode
杳	'jewX	'jewX		'jewX	dark/gloomy	GSR	HYDZD	rad	str	Unicode
杼	drjoX	drjoX		drjoX	shuttle of a loom , narrow, thin	GSR	HYDZD	rad	str	Unicode
杼	zyoX	zyoX		zyoX	sawtooth oak	GSR	HYDZD	rad	str	Unicode
校	haewH	haewH		haewH	schools in noble estates, military formation of 500 men, ~效 imitate	GSR	HYDZD	rad	str	Unicode
校	kaewH	kaewH		kaewH	compare, dispute, reckon, animal enclosure	GSR	HYDZD	rad	str	Unicode
栩	xjoX	xjoX		xjoX	v. oak. 栩栩 s.v., to be lively	GSR	HYDZD	rad	str	Unicode
桐	duwng	duwng		duwng	paulownia (tall deciduous hardwood tree)	GSR	HYDZD	rad	str	Unicode
桐	duwng	duwng		duwng	various trees related to the tung tree	GSR	HYDZD	rad	str	Unicode
桴	bjuw	bjuw		bjuw	eave-purlin, short ridgepole projected under the eaves, ~泭 small raft, ~枹 mallet/drumstick	GSR	HYDZD	rad	str	Unicode
梧	ngu	ngu		ngu	Chinese parasol tree	GSR	HYDZD	rad	str	Unicode
梧	ngu	ngu		ngu	parasol tree	GSR	HYDZD	rad	str	Unicode
梨	lij	lij		lij	pear	GSR	HYDZD	rad	str	Unicode
梲	tsyjet	tsyjet		tsyjet	stud on a roof beam	GSR	HYDZD	rad	str	Unicode
椁	kwak	kwak		kwak	outer coffin	GSR	HYDZD	rad	str	Unicode
楓	pjuwng	pjuwng		pjuwng	sweet-gum tree	GSR	HYDZD	rad	str	Unicode
楝	lenH	lenH		lenH	chinaberry tree	GSR	HYDZD	rad	str	Unicode
楮	trhjo	trhjo		trhjo	mulberry tree, paper	GSR	HYDZD	rad	str	Unicode
槁	khawX	khawX		khawX	to wither, to die out	GSR	HYDZD	rad	str	Unicode
樊	bjon	bjon		bjon	n., Fan (a family name)	GSR	HYDZD	rad	str	Unicode
樓	luw	luw		luw	/n/ storeyed building, tower	GSR	HYDZD	rad	str	Unicode
殯	pjinH	pjinH		pjinH	encoffin a corpse, final preparations for burial	GSR	HYDZD	rad	str	Unicode
沉	drim	drim		drim	a surname	GSR	HYDZD	rad	str	Unicode
沛	phajH	phajH		phajH	marshy plant-cover, watery excess, racing onward	GSR	HYDZD	rad	str	Unicode
没	mwot	mwot		mwot	sink, dissolve, vanish	GSR	HYDZD	rad	str	Unicode
沽	ku	ku		ku	sell,vend,advertise	GSR	HYDZD	rad	str	Unicode
沽	kuX	kuX		kuX	wine-vender, approximately	GSR	HYDZD	rad	str	Unicode
泌	bjit	bjit		bjit	bubble up	GSR	HYDZD	rad	str	Unicode
洪	huwng	huwng		huwng	vast, flood	GSR	HYDZD	rad	str	Unicode
浴	yowk	yowk		yowk	1. wash the body, bathe, lave.a) ablution; purify.2. swoop and soar, of birds.	GSR	HYDZD	rad	str	Unicode
浸	tshim	tshim		tshim	浸淫 yimtshim drench and douse, imperceptably advance	GSR	HYDZD	rad	str	Unicode
浸	tsimH	tsimH		tsimH	leak, soak, irrigation, gradually	GSR	HYDZD	rad	str	Unicode
涅	net	net		net	blac mudge, alum used in dying, block up	GSR	HYDZD	rad	str	Unicode
涉	dzyep	dzyep		dzyep	to go through, to wade, to involve	GSR	HYDZD	rad	str	Unicode
涖	lejH	lejH		lejH	~蒞 to attend, to arrive, drying up of water,to manage/supervise	GSR	HYDZD	rad	str	Unicode
混	hwonX	hwonX		hwonX	heaving water, muddy; murky, confused;jumbled;mixed	GSR	HYDZD	rad	str	Unicode
溫	'won	'won		'won	(温 variant) warm,tepid,mild,gentle; rekindle,reanimate, intermittent fever	GSR	HYDZD	rad	str	Unicode
滄	tshang	tshang		tshang	iron gray-blue, cold, chilly	GSR	HYDZD	rad	str	Unicode
滕	dong	dong		dong	ancient state in Shandong; water bursting forth	GSR	HYDZD	rad	str	Unicode
潤	nywinH	nywinH		nywinH	moist(en); luster, lustrous; sheen, sleek. rain; freshen, as with necessary moisture. enrich, embellish, enhance; revise, improve; e.g. 潤飾 rùnshī, enrich and adorn, esp. lit. composition.	GSR	HYDZD	rad	str	Unicode
濛	muwng	muwng		muwng	drizzling mist	GSR	HYDZD	rad	str	Unicode
濠	hao	hao		hao	n., moat, trench, ditch	GSR	HYDZD	rad	str	Unicode
濫	lamH	lamH		lamH	brim over, overflow, excessively	GSR	HYDZD	rad	str	Unicode
瀆	duwk	duwk		duwk	draining trough, overflow, be disrespectful to	GSR	HYDZD	rad	str	Unicode
瀟	sew	sew		sew	(of water) deep and clear	GSR	HYDZD	rad	str	Unicode
灝	hawX	hawX		hawX	limitless, (皓) gleaming white;shimmering	GSR	HYDZD	rad	str	Unicode
炳	pjaengX	pjaengX		pjaengX	to gleam, to light up	GSR	HYDZD	rad	str	Unicode
煥	xwanH	xwanH		xwanH	iridescent	GSR	HYDZD	rad	str	Unicode
燧	zwijH	zwijH		zwijH	fire-kindler, beacon-fire	GSR	HYDZD	rad	str	Unicode
爲	hjwe	hjwe		hjwe	(為) make, do, act as	GSR	HYDZD	rad	str	Unicode
牆	dzjang	dzjang		dzjang	wall of a building, funerary drape	GSR	HYDZD	rad	str	Unicode
版	paenX	paenX		paenX	woodenplanks used in framing walls, placard on which to inscribe characters, household register	GSR	HYDZD	rad	str	Unicode
牟	mjuw	mjuw		mjuw	bellow (ox), confiscate, enlarge ~侔 equal to, same as, like unto ~眸 pupil (of eye) ~麰 barley	GSR	HYDZD	rad	str	Unicode
牢	law	law		law	pen for domestic animals;coop;prison;granary;secure;desolate	GSR	HYDZD	rad	str	Unicode
牢	luw	luw		luw	reduce in the middle of the fist; roll in the hand, knead	GSR	HYDZD	rad	str	Unicode
犂	lej	lej		lej	plow, mottled, arrive at or reach a particular time, definitely	GSR	HYDZD	rad	str	Unicode
犯	bjomX	bjomX		bjomX	to infringe on; to attack; to encroach, criminal, to brave; to face; to withstand	GSR	HYDZD	rad	str	Unicode
狷	kwenH	kwenH		kwenH	prudent;wary, nervous,impatient	GSR	HYDZD	rad	str	Unicode
猛	maengX	maengX		maengX	brutish,fierce,severe,streneuous	GSR	HYDZD	rad	str	Unicode
珠	tsyu	tsyu		tsyu	pearl	GSR	HYDZD	rad	str	Unicode
琢	traewk	traewk		traewk	to polish	GSR	HYDZD	rad	str	Unicode
瑚	hu	hu		hu	珊瑚 sanhu coral, ritual vessel for sacrifical offerings	GSR	HYDZD	rad	str	Unicode
瑩	hjwaeng	hjwaeng		hjwaeng	polished, set a bright stone in place, elucidate	GSR	HYDZD	rad	str	Unicode
璉	ljen	ljen		ljen	~連 join/link/connect-up	GSR	HYDZD	rad	str	Unicode
璉	ljenX	ljenX		ljenX	vessel for sacrificial offerings	GSR	HYDZD	rad	str	Unicode
疚	kjuwH	kjuwH		kjuwH	chronic illness, sick with sadness, destitute	GSR	HYDZD	rad	str	Unicode
皎	kewX	kewX		kewX	bright moonlight, clear/lucid	GSR	HYDZD	rad	str	Unicode
皙	sek	sek		sek	white	GSR	HYDZD	rad	str	Unicode
皦	kewX	kewX		kewX	white, pure; surname Jiao	GSR	HYDZD	rad	str	Unicode
盧	lu	lu		lu	earth-black, brazier, skull	GSR	HYDZD	rad	str	Unicode
盪	dangX	dangX		dangX	assail, throw oneself against, ~蕩 shake, disoldge	GSR	HYDZD	rad	str	Unicode
盱	xju	xju		xju	gaze in amazement	GSR	HYDZD	rad	str	Unicode
盼	pheanH	pheanH		pheanH	clear-set eyes, with the white and iris distinct	GSR	HYDZD	rad	str	Unicode
睛	tsjeng	tsjeng		tsjeng	eyeball, vision	GSR	HYDZD	rad	str	Unicode
瞡	kjeh	kjeh		kjeh	瞡瞡 lacking in knowledge and experience	GSR	HYDZD	rad	str	Unicode
砧	trim	trim		trim	fulling block	GSR	HYDZD	rad	str	Unicode
硜	kheang	kheang		kheang	onom. of stone being struck, rigid and obstinate	GSR	HYDZD	rad	str	Unicode
碣	gjet	gjet		gjet	upright stone stlab	GSR	HYDZD	rad	str	Unicode
磷	lin	lin		lin	~粼 clear-cut	GSR	HYDZD	rad	str	Unicode
祗	tsyij	tsyij		tsyij	respectful, honor, only, merely, just; still, as before	GSR	HYDZD	rad	str	Unicode
祚	dzuH	dzuH		dzuH	celestial favour, (祚)royal throne	GSR	HYDZD	rad	str	Unicode
禎	trjeng	trjeng		trjeng	auspicious, good omen	GSR	HYDZD	rad	str	Unicode
禘	dejH	dejH		dejH	imperial ancestral worship in ancient China	GSR	HYDZD	rad	str	Unicode
科	khwa	khwa		khwa	category, article in legal code, protocol, capless	GSR	HYDZD	rad	str	Unicode
稀	xj+j	xj+j		xj+j	/v/ be few, sparse, rare	GSR	HYDZD	rad	str	Unicode
窬	yu	yu		yu	small door to the side of main gate, opening,aperture, hole, ~踰 pass over, climb beyond	GSR	HYDZD	rad	str	Unicode
笥	siH	siH		siH	bamboo hamper	GSR	HYDZD	rad	str	Unicode
篁	hwang	hwang		hwang	/n/ bamboo-grove	GSR	HYDZD	rad	str	Unicode
篡	tsrhwaenH	tsrhwaenH		tsrhwaenH	to sieze, take forcibly	GSR	HYDZD	rad	str	Unicode
簞	tan	tan		tan	bamboo food-basket, bin, caddy	GSR	HYDZD	rad	str	Unicode
紊	mjunH	mjunH		mjunH	disorderly, confused	GSR	HYDZD	rad	str	Unicode
紛	phjun	phjun		phjun	flag streamers, tangled threads, confused	GSR	HYDZD	rad	str	Unicode
紫	tsjeX	tsjeX		tsjeX	purple,lavendar-colour	GSR	HYDZD	rad	str	Unicode
紺	komH	komH		komH	deep purple-blue	GSR	HYDZD	rad	str	Unicode
統	thuwngX	thuwngX		thuwngX	beginning of ball+thread; clue, succession; sequence, govern;conduct;lead	GSR	HYDZD	rad	str	Unicode
經	keng	keng		keng	classic	GSR	HYDZD	rad	str	Unicode
緅	tsuw	tsuw		tsuw	magenta-coloured silk	GSR	HYDZD	rad	str	Unicode
縕	'jun	'jun		'jun	generative force, orange colour	GSR	HYDZD	rad	str	Unicode
縕	'junH	'junH		'junH	tag-/waste-silk, tangled, concel, contain	GSR	HYDZD	rad	str	Unicode
縲	lwij	lwij		lwij	縲絏 n., fetters, ropes for binding prisoners	GSR	HYDZD	rad	str	Unicode
繚	lew	lew		lew	tie up, wrap up	GSR	HYDZD	rad	str	Unicode
繪	hwajH	hwajH		hwajH	colors neatly coordinated	GSR	HYDZD	rad	str	Unicode
繹	yek	yek		yek	unwind raw silk from cocoon, follow a single thread, to list out item by item	GSR	HYDZD	rad	str	Unicode
纖	sjem	sjem		sjem	fine-woven silk, clever, stingy	GSR	HYDZD	rad	str	Unicode
羔	kaw	kaw		kaw	eanling, lambkin; kid	GSR	HYDZD	rad	str	Unicode
耒	lwijX	lwijX		lwijX	plow	GSR	HYDZD	rad	str	Unicode
耒	lwojH	lwojH		lwojH	plow	GSR	HYDZD	rad	str	Unicode
耘	hjun	hjun		hjun	to weed	GSR	HYDZD	rad	str	Unicode
耰	'juw	'juw		'juw	harrow, implement to break up clods of earth	GSR	HYDZD	rad	str	Unicode
耶	yae	yae		yae	father	GSR	HYDZD	rad	str	Unicode
聃	tham	tham		tham	(literary, of ears) large and long, a surname	GSR	HYDZD	rad	str	Unicode
肸	xit	xit		xit	stir up, excute, activate	GSR	HYDZD	rad	str	Unicode
腥	seng	seng		seng	raw meat,putrid,grease	GSR	HYDZD	rad	str	Unicode
般	pan	pan		pan	distribute, category; class; kind	GSR	HYDZD	rad	str	Unicode
芙	bju	bju		bju	芙蕖 fúqú(MC bju-gjo), lotus (Nelumbo nucifera); 芙蓉 (bju-yowng) fully-opened lotus, or hibiscus on land.	GSR	HYDZD	rad	str	Unicode
苔	doj	doj		doj	/n/ moss	GSR	HYDZD	rad	str	Unicode
茫	mang	mang		mang	vast, expansive	GSR	HYDZD	rad	str	Unicode
茲	dzi	dzi		dzi	龜茲 (MC khjuw-dzi), Kucha, oasis city on the northern Silk Road in the Tarim Basin (popular because of its music + instruments).	GSR	HYDZD	rad	str	Unicode
茲	tsi	tsi		tsi	this;these, increasingly; more and more, year, reed mat	GSR	HYDZD	rad	str	Unicode
莞	hwaenX	hwaenX		hwaenX	lightly smiling, bulrushes	GSR	HYDZD	rad	str	Unicode
莞	kwan	kwan		kwan	kind of reed/bulrush	GSR	HYDZD	rad	str	Unicode
莽	mangX	mangX		mangX	thick weeds, luxurious growth	GSR	HYDZD	rad	str	Unicode
葸	siX	siX		siX	shrink back, shrink away	GSR	HYDZD	rad	str	Unicode
蒞	lijH	lijH		lijH	(混) to look down on;manage, verge on, splash	GSR	HYDZD	rad	str	Unicode
蓉	yowng	yowng		yowng	芙蓉 bju-yowng, lotus	GSR	HYDZD	rad	str	Unicode
蓧	dek	dek		dek	basket for carrying grainseed	GSR	HYDZD	rad	str	Unicode
蓧	dewH	dewH		dewH	bamboo basket for carrying cut weeds	GSR	HYDZD	rad	str	Unicode
蓧	thew	thew		thew	yellow-dock,curly-dock	GSR	HYDZD	rad	str	Unicode
蘧	gjo	gjo		gjo	蘧蘧 to be sudden	GSR	HYDZD	rad	str	Unicode
虫	drjuwng	drjuwng		drjuwng	insect	GSR	HYDZD	rad	str	Unicode
蝴	hu	hu		hu	蝴蝶 - butterfly	GSR	HYDZD	rad	str	Unicode
衆	tsyuwngH	tsyuwngH		tsyuwngH	(眾) multitude, throng	GSR	HYDZD	rad	str	Unicode
裕	yuH	yuH		yuH	ample;abundant, wide;diffuse;magnanimous	GSR	HYDZD	rad	str	Unicode
裨	bjie	bjie		bjie	ceremonial garb, subordinate	GSR	HYDZD	rad	str	Unicode
裨	pjie	pjie		pjie	supplement, fill out, ceremonial garb	GSR	HYDZD	rad	str	Unicode
襁	kjangX	kjangX		kjangX	 sling for infant, swaddling clothes, cord on which cash is strung	GSR	HYDZD	rad	str	Unicode
覓	mek	mek		mek	to seek out, to find; to choose between	GSR	HYDZD	rad	str	Unicode
覿	dek	dek		dek	see,notice,appear,be seen	GSR	HYDZD	rad	str	Unicode
觚	ku	ku		ku	tall beaker for wine,angular,sword grip,writing tablet	GSR	HYDZD	rad	str	Unicode
訐	kjet	kjet		kjet	expose another's faults, gossip	GSR	HYDZD	rad	str	Unicode
訒	nyinH	nyinH		nyinH	reserved or discreet in speech, guarded	GSR	HYDZD	rad	str	Unicode
訕	sraenH	sraenH		sraenH	slander,libel,calumniate,ridicule,mock,sneer	GSR	HYDZD	rad	str	Unicode
詁	kuX	kuX		kuX	comment, explain	GSR	HYDZD	rad	str	Unicode
說	sywejH	sywejH		sywejH	/v/ to speak/say/explain	GSR	HYDZD	rad	str	Unicode
豔	yemH	yemH		yemH	seductive, sumptuous	GSR	HYDZD	rad	str	Unicode
貊	maek	maek		maek	non-Chinese people to the north, quiet, without fuss, giant panda	GSR	HYDZD	rad	str	Unicode
跖	tsyjek	tsyjek		tsyjek	sole of foot	GSR	HYDZD	rad	str	Unicode
踖	dzjek	dzjek		dzjek	to march ahead 	GSR	HYDZD	rad	str	Unicode
踖	tsjek	tsjek		tsjek	advance carefully	GSR	HYDZD	rad	str	Unicode
踧	dek	dek		dek	flat and smooth, wrinkled, attentive	GSR	HYDZD	rad	str	Unicode
踧	tsjuwk	tsjuwk		tsjuwk	(bn.) 踧踖 (MC tsjuwk-tsjek), discomfited, nonplused; attentive but anxious, polite but fretful. ~蹙, wrinkled, cramped; 2, pressing, imminent ~蹴, trample; 2, kick.	GSR	HYDZD	rad	str	Unicode
蹈	dawH	dawH		dawH	tread, step on, stamp to rhythm	GSR	HYDZD	rad	str	Unicode
蹜	sruwk	sruwk		sruwk	walk carefully	GSR	HYDZD	rad	str	Unicode
蹤	dzjowng	dzjowng		dzjowng	footprints/tracks	GSR	HYDZD	rad	str	Unicode
躁	tsawH	tsawH		tsawH	restless, disturbance	GSR	HYDZD	rad	str	Unicode
躩	kjwak	kjwak		kjwak	briskly stepping, to bound	GSR	HYDZD	rad	str	Unicode
軏	ngjwot	ngjwot		ngjwot	collar-bar of small carriage	GSR	HYDZD	rad	str	Unicode
軻	kha	kha		kha	n., small cart	GSR	HYDZD	rad	str	Unicode
輅	luH	luH		luH	wagon, harness	GSR	HYDZD	rad	str	Unicode
輗	ngej	ngej		ngej	collar-bag of large carriage	GSR	HYDZD	rad	str	Unicode
迄	xj+t	xj+t		xj+t	to reach, until, as yet	GSR	HYDZD	rad	str	Unicode
迅	swinH	swinH		swinH	quickly,suddenly	GSR	HYDZD	rad	str	Unicode
适	syek	syek		syek	go to, marry, to be suited to, (ADV)just then, (ADV) happen	GSR	HYDZD	rad	str	Unicode
适	tek	tek		tek	to be devoted to, principal wife	GSR	HYDZD	rad	str	Unicode
遙	yew	yew		yew	distant, far away	GSR	HYDZD	rad	str	Unicode
遜	swonH	swonH		swonH	humble, inferior, to flee, to abdicate	GSR	HYDZD	rad	str	Unicode
遲	drij	drij		drij	surname Chi	GSR	HYDZD	rad	str	Unicode
遲	drijH	drijH		drijH	to wait for	GSR	HYDZD	rad	str	Unicode
遶	nyjewH	nyjewH		nyjewH	to rotate around	GSR	HYDZD	rad	str	Unicode
遼	lew	lew		lew	distant,faraway; lengthy, protracted	GSR	HYDZD	rad	str	Unicode
邀	'jiew	'jiew		'jiew	meet on the way, look for	GSR	HYDZD	rad	str	Unicode
鄒	tsrjuw	tsrjuw		tsrjuw	Zou (an ancient Chinese state during the Zhou dynasty)	GSR	HYDZD	rad	str	Unicode
鄹	tsrjuw	tsrjuw		tsrjuw	Zou (state)	GSR	HYDZD	rad	str	Unicode
醫	'i	'i		'i	medicine, physician	GSR	HYDZD	rad	str	Unicode
醯	xej	xej		xej	vinegar;sour	GSR	HYDZD	rad	str	Unicode
醴	lejX	lejX		lejX	sweet liquor	GSR	HYDZD	rad	str	Unicode
釀	nrjangH	nrjangH		nrjangH	to brew;ferment, incite	GSR	HYDZD	rad	str	Unicode
釜	byuX	byuX		byuX	cooking-pan, measure of capacity equiv. 64 pints	GSR	HYDZD	rad	str	Unicode
錐	tsywij	tsywij		tsywij	awl	GSR	HYDZD	rad	str	Unicode
鏗	kheang	kheang		kheang	onom. sound of bells	GSR	HYDZD	rad	str	Unicode
長	drjang	drjang		drjang	n., Chang (a personal name)	GSR	HYDZD	rad	str	Unicode
閒	hean	hean		hean	inactive, idleness	GSR	HYDZD	rad	str	Unicode
閾	xwik	xwik		xwik	threshold,doorsill, borderland	GSR	HYDZD	rad	str	Unicode
闖	trhjimH	trhjimH		trhjimH	rush in, charge in	GSR	HYDZD	rad	str	Unicode
阼	dzuH	dzuH		dzuH	east-side steps of great hall, ~祚 dynastic or lineage destiny.	GSR	HYDZD	rad	str	Unicode
陪	bwoj	bwoj		bwoj	piled on top of one-another, accompany, assist	GSR	HYDZD	rad	str	Unicode
陶	daw	daw		daw	pottery, to mold, pleased, surname	GSR	HYDZD	rad	str	Unicode
陶	yew	yew		yew	well-pleased and elated, name	GSR	HYDZD	rad	str	Unicode
隐	'j+nH	'j+nH		'j+nH	lean on, rest against	GSR	HYDZD	rad	str	Unicode
隐	'j+nX	'j+nX		'j+nX	conceal(ment), hide away, obscure	GSR	HYDZD	rad	str	Unicode
雌	tshje	tshje		tshje	female of birds, the feminine	GSR	HYDZD	rad	str	Unicode
雍	'jowng	'jowng		'jowng	harmonious,concordant;affable	GSR	HYDZD	rad	str	Unicode
靖	dzjengX	dzjengX		dzjengX	respectful;polite, delicate	GSR	HYDZD	rad	str	Unicode
靖	tsjeng	tsjeng		tsjeng	(靖) to signal; to honor	GSR	HYDZD	rad	str	Unicode
鞟	khwak	khwak		khwak	~鞹 shorn pelt, wrap round or bind up with leather	GSR	HYDZD	rad	str	Unicode
鞠	kjuwk	kjuwk		kjuwk	leather ball, bend/turn/flex, nurture, child/youth, entirely, all of	GSR	HYDZD	rad	str	Unicode
韞	'junX	'junX		'junX	store-away, preserve, hord; secrete, cache	GSR	HYDZD	rad	str	Unicode
韶	dzyew	dzyew		dzyew	music associated with sage-king Shun, spiny tropical fruit	GSR	HYDZD	rad	str	Unicode
頹	dwoj	dwoj		dwoj	collapse;crumbe;cave-in;elapse;descend;fall;submissive	GSR	HYDZD	rad	str	Unicode
顓	tsywen	tsywen		tsywen	untaught,ignorant, decent,honest.exclusively/without exception	GSR	HYDZD	rad	str	Unicode
餲	'aejH	'aejH		'aejH	putrid smell of spoiled food; carious	GSR	HYDZD	rad	str	Unicode
饌	dzrjwenH	dzrjwenH		dzrjwenH	set out, prepare, provide (fine) food.	GSR	HYDZD	rad	str	Unicode
饌	sjwenX	sjwenX		sjwenX	old unit of cache	GSR	HYDZD	rad	str	Unicode
駐	trjuH	trjuH		trjuH	pause, halt; garrison, defend, guard	GSR	HYDZD	rad	str	Unicode
駢	ben	ben		ben	pull (horses) side by side, parallel, to put hosues side by side.	GSR	HYDZD	rad	str	Unicode
騂	sjeng	sjeng		sjeng	a roan horse	GSR	HYDZD	rad	str	Unicode
騫	khjen	khjen		khjen	defect, fault, scared, pick out.	GSR	HYDZD	rad	str	Unicode
驕	kjew	kjew		kjew	large horse, haughty; arrogent	GSR	HYDZD	rad	str	Unicode
驥	kijH	kijH		kijH	mythical horse,proficient person	GSR	HYDZD	rad	str	Unicode
驪	lje	lje		lje	a pure black horse, surname	GSR	HYDZD	rad	str	Unicode
魋	dwoj	dwoj		dwoj	an animal resembling a brown bear, A surname Tui.	GSR	HYDZD	rad	str	Unicode
鮀	da	da		da	the goby, a catfish, alligator.	GSR	HYDZD	rad	str	Unicode
鯈	haw	haw		haw	n., moat, trench, ditch	GSR	HYDZD	rad	str	Unicode
鳳	bjuwngH	bjuwngH		bjuwngH	fabulous animal,phoenix	GSR	HYDZD	rad	str	Unicode
鵠	howk	howk		howk	swan	GSR	HYDZD	rad	str	Unicode
鵬	bong	bong		bong	giant mythical bird	GSR	HYDZD	rad	str	Unicode
鵷	'jwon	'jwon		'jwon	species of phoenix	GSR	HYDZD	rad	str	Unicode
鵷	jwon	jwon		jwon	species of phoenix	GSR	HYDZD	rad	str	Unicode
鶯	'eang	'eang		'eang	oriole, espp. black-naped riole, esp. associated with summer; bright plumage, patterned plumage	GSR	HYDZD	rad	str	Unicode
鶵	dzrju	dzrju		dzrju	fledgling (雛)	GSR	HYDZD	rad	str	Unicode
麒	gi	gi		gi	麒麟 - unicorn	GSR	HYDZD	rad	str	Unicode
麟	lin	lin		lin	麒麟 - unicorn	GSR	HYDZD	rad	str	Unicode
黃	hwang	hwang		hwang	yellow	GSR	HYDZD	rad	str	Unicode
黄	hwang	hwang		hwang	yellow	GSR	HYDZD	rad	str	Unicode
默	mok	mok		mok	soundless, darkened.	GSR	HYDZD	rad	str	Unicode
黻	pyut	pyut		pyut	labris pattern embroidered in ceremonial robes, ~韍, knee-coverings worn by nobles at sacrificial offerings in early times ~紱 fú1, silk waistband upon which to tie pendant gems or seal-cords.	GSR	HYDZD	rad	str	Unicode
鼐	nojH	nojH		nojH	great-sized cauldron	GSR	HYDZD	rad	str	Unicode
鼗	daw	daw		daw	small drum with two attached beaters	GSR	HYDZD	rad	str	Unicode
齡	leng	leng		leng	age, duration	GSR	HYDZD	rad	str	Unicode
螳	dang	dang		dang	mantis (螳蜋)	GSR	HYDZD	rad	str	Unicode
撻	that	that		that	to strike	GSR	HYDZD	rad	str	Unicode
髑	duwk	duwk		duwk	髑髏 skull	GSR	HYDZD	rad	str	Unicode
閭	ljo	ljo		ljo	village gate	GSR	HYDZD	rad	str	Unicode
矉	pjin	pjin		pjin	stare angrily, knit brows	GSR	HYDZD	rad	str	Unicode
俯	pjuX	pjuX		pjuX	lower the head	GSR	HYDZD	rad	str	Unicode
促	tshjowk	tshjowk		tshjowk	hasten, short	GSR	HYDZD	rad	str	Unicode
促	tshjowk	tshjowk		tshjowk	cramped, intimate	GSR	HYDZD	rad	str	Unicode
秩	drit	drit		drit	rank in hierarchy/regimen	GSR	HYDZD	rad	str	Unicode
暢	trhjangH	trhjangH		trhjangH	unobstructed	GSR	HYDZD	rad	str	Unicode
諱	xjw+jH	xjw+jH		xjw+jH	to shun	GSR	HYDZD	rad	str	Unicode
禊	hejH	hejH		hejH	purification rite	GSR	HYDZD	rad	str	Unicode
垢	kuwX	kuwX		kuwX	dirt, disgrace	GSR	HYDZD	rad	str	Unicode
峻	swinH	swinH		swinH	lofty/steep	GSR	HYDZD	rad	str	Unicode
嶺	ljengX	ljengX		ljengX	mountain-pass, mountain-range	GSR	HYDZD	rad	str	Unicode
茂	muwH	muwH		muwH	to flourish	GSR	HYDZD	rad	str	Unicode
覽	lamX	lamX		lamX	look at/peruse	GSR	HYDZD	rad	str	Unicode
誕	danX	danX		danX	excessive	GSR	HYDZD	rad	str	Unicode
稅	sywejH	sywejH		sywejH	land-tax; pay or collect an impost.; lease/rent	GSR	HYDZD	rad	str	Unicode
髏	luw	luw		luw	髑髏 skull	GSR	HYDZD	rad	str	Unicode
蹙	tsjuwk	tsjuwk		tsjuwk	wrinkle, scrunch; pressing, urgent; anxious	GSR	HYDZD	rad	str	Unicode
螂	lang	lang		lang	scarab-beetle	GSR	HYDZD	rad	str	Unicode
裡	liX	liX		liX	inside/inner layer of clothing	GSR	HYDZD	rad	str	Unicode
髐	xaew	xaew		xaew	sound of arrows	GSR	HYDZD	rad	str	Unicode
撽	khaewH	khaewH		khaewH	strike from the side	GSR	HYDZD	rad	str	Unicode
髠	khwon	khwon		khwon	scalp/make bald	GSR	HYDZD	rad	str	Unicode
婿	sejH	sejH		sejH	son-in-law	GSR	HYDZD	rad	str	Unicode
樑	ljang	ljang		ljang	[梁] roof beam/bridge	GSR	HYDZD	rad	str	Unicode
溯	suH	suH		suH	go upstream	GSR	HYDZD	rad	str	Unicode
飡	tshan	tshan		tshan	[餐] meal, to eat	GSR	HYDZD	rad	str	Unicode
崗	kang	kang		kang	ridge/spine of hill	GSR	HYDZD	rad	str	Unicode
省	srjaengX	srjaengX		srjaengX	reduce, diminish; spare of body, lean, slight	GSR	HYDZD	rad	str	Unicode
薦	tsenH	tsenH		tsenH	to make offering,present; to recommend, endorse	GSR	HYDZD	rad	str	Unicode
歟	yo	yo		yo	[歟] sentence-final interrogative (= to 也乎)	GSR	HYDZD	rad	str	Unicode
壅	'jowng	'jowng		'jowng	dam up, obstruct; embankment, bed(ded), earthwork	GSR	HYDZD	rad	str	Unicode
托	thak	thak		thak	[託] to entrust to; to assume responsibility of sth; [拓] lift up, raise	GSR	HYDZD	rad	str	Unicode
當	tang	tang		tang	[擋] to block, to obstruct	GSR	HYDZD	rad	str	Unicode
藝	ngjiejH	ngjiejH		ngjiejH	[藝] skill, art	GSR	HYDZD	rad	str	Unicode
蹴	tshjuwk	tshjuwk		tshjuwk	to kick, trample on	GSR	HYDZD	rad	str	Unicode
苛	ha	ha		ha	harmful, reproachful	GSR	HYDZD	rad	str	Unicode
苛	xa	xa		xa	decry	GSR	HYDZD	rad	str	Unicode
避	bjieH	bjieH		bjieH	avoid, shun, escape	GSR	HYDZD	rad	str	Unicode
辟	bjieH	bjieH		bjieH	[避] avoid, shun, escape	GSR	HYDZD	rad	str	Unicode
苟	kuwX	kuwX		kuwX	frivolous(ly), casual(ly)	GSR	HYDZD	rad	str	Unicode
食	zyik	zyik		zyik	food, cooked cereals	GSR	HYDZD	rad	str	Unicode
鄉	xjangX	xjangX		xjangX	[曏] previously	GSR	HYDZD	rad	str	Unicode
蓺	ngjiejH	ngjiejH		ngjiejH	[藝] skill, art	GSR	HYDZD	rad	str	Unicode
啷	lang	lang		lang	bang/clatter (哐啷, clatter)	GSR	HYDZD	rad	str	Unicode
案	'anH	'anH		'anH	according to/in the editor's opinion	GSR	HYDZD	rad	str	Unicode
派	pheaH	pheaH		pheaH	sect, style	GSR	HYDZD	rad	str	Unicode
瓷	dzij	dzij		dzij	porcelain	GSR	HYDZD	rad	str	Unicode
靄	'ajH	'ajH		'ajH	mist, haze	GSR	HYDZD	rad	str	Unicode
靄	'at	'at		'at	mist, haze	GSR	HYDZD	rad	str	Unicode
曖	'ajH	'ajH		'ajH	hazy, dim	GSR	HYDZD	rad	str	Unicode
曖	'ojH	'ojH		'ojH	overcast, hidden from view	GSR	HYDZD	rad	str	Unicode
禳	nyang	nyang		nyang	sacrifice to ward off bad harvest	GSR	HYDZD	rad	str	Unicode
跽	gijX	gijX		gijX	kneel respectfully with torso held upright	GSR	HYDZD	rad	str	Unicode
節	tset	tset		tset	to regulate/restrain	GSR	HYDZD	rad	str	Unicode
闌	lan	lan		lan	abate, end	GSR	HYDZD	rad	str	Unicode
惡	'u	'u		'u	how?, where?	GSR	HYDZD	rad	str	Unicode
蜚	pj+j	pj+j		pj+j	[飛] to fly	GSR	HYDZD	rad	str	Unicode
后	huwX	huwX		huwX	[後] after this	GSR	HYDZD	rad	str	Unicode
竊	tshet	tshet		tshet	(self-deprecating) be so bold as to	GSR	HYDZD	rad	str	Unicode
說	ywet	ywet		ywet	[悅] to be happy	GSR	HYDZD	rad	str	Unicode
若	nyak	nyak		nyak	if	GSR	HYDZD	rad	str	Unicode
過	kwa	kwa		kwa	more than, excessively	GSR	HYDZD	rad	str	Unicode
過	kwaH	kwaH		kwaH	more than, excessively	GSR	HYDZD	rad	str	Unicode
且	tshjaeX	tshjaeX		tshjaeX	about to	GSR	HYDZD	rad	str	Unicode
闚	khjwie	khjwie		khjwie	peer through small opening	GSR	HYDZD	rad	str	Unicode
將	tsjang	tsjang		tsjang	undertake/use	GSR	HYDZD	rad	str	Unicode
摶	tsywen	tsywen		tsywen	[專] to specialize in	GSR	HYDZD	rad	str	Unicode
征	tsyeng	tsyeng		tsyeng	to tax	GSR	HYDZD	rad	str	Unicode
章	tsyang	tsyang		tsyang	text passage	GSR	HYDZD	rad	str	Unicode
鬻	yuwk	yuwk		yuwk	to sell	GSR	HYDZD	rad	str	Unicode
息	sik	sik		sik	to rest/take a break	GSR	HYDZD	rad	str	Unicode
昶	trhjangX	trhjangX		trhjangX	extended daylight	GSR	HYDZD	rad	str	Unicode
昶	trhjangH	trhjangH		trhjangH	[暢] unobstructed	GSR	HYDZD	rad	str	Unicode
餐	tshan	tshan		tshan	meal, to eat	GSR	HYDZD	rad	str	Unicode
引	yinH	yinH		yinH	to quote/cite	GSR	HYDZD	rad	str	Unicode
注	trjuH	trjuH		trjuH	commentary	GSR	HYDZD	rad	str	Unicode
疾	dzit	dzit		dzit	rapid	GSR	HYDZD	rad	str	Unicode
作	tsak	tsak		tsak	edition(commentary-term)	GSR	HYDZD	rad	str	Unicode
時	dzyi	dzyi		dzyi	sometimes	GSR	HYDZD	rad	str	Unicode
斥	tsyjek	tsyjek		tsyjek	to refer to	GSR	HYDZD	rad	str	Unicode
聞	mjunH	mjunH		mjunH	famous	GSR	HYDZD	rad	str	Unicode
特	dzrjek	dzrjek		dzrjek	especially	GSR	HYDZD	rad	str	Unicode
修	sjuw	sjuw		sjuw	length (pre-Han)	GSR	HYDZD	rad	str	Unicode
至	tsyijH	tsyijH		tsyijH	farthest degree	GSR	HYDZD	rad	str	Unicode
效	haew	haew		haew	to bring about, to present	GSR	HYDZD	rad	str	Unicode
竟	khjaengH	khjaengH		khjaengH	boundary	GSR	HYDZD	rad	str	Unicode
善	dzyenX	dzyenX		dzyenX	be skilled in	GSR	HYDZD	rad	str	Unicode
夭	'jew	'jew		'jew	to die prematurely	GSR	HYDZD	rad	str	Unicode
且	tshjaeX	tshjaeX		tshjaeX	provisionally	GSR	HYDZD	rad	str	Unicode
儻	thangX	thangX		thangX	if	GSR	HYDZD	rad	str	Unicode
忽	xwot	xwot		xwot	suddenly	GSR	HYDZD	rad	str	Unicode
些	sjae	sjae		sjae	a few	GSR	HYDZD	rad	str	Unicode
些	saH	saH		saH	rhythmic particle	GSR	HYDZD	rad	str	Unicode
茺	tsyhuwng	tsyhuwng		tsyhuwng	plant	GSR	HYDZD	rad	str	Unicode
向	xjangH	xjangH		xjangH	formerly	GSR	HYDZD	rad	str	Unicode
茍	kik	kik		kik	urgent	GSR	HYDZD	rad	str	Unicode
茍	kuwX	kuwX		kuwX	[苟]if really	GSR	HYDZD	rad	str	Unicode
悅	ywet	ywet		ywet	to be happy	GSR	HYDZD	rad	str	Unicode
忿	phjunH	phjunH		phjunH	anger	GSR	HYDZD	rad	str	Unicode
盥	kwanH	kwanH		kwanH	wash hands, wash-basin	GSR	HYDZD	rad	str	Unicode
襪	mjot	mjot		mjot	stockings	GSR	HYDZD	rad	str	Unicode
頓	twonH	twonH		twonH	tap, tap head on ground	GSR	HYDZD	rad	str	Unicode
踞	kjoH	kjoH		kjoH	sit on heels, sit with legs splayed	GSR	HYDZD	rad	str	Unicode
彎	'waen	'waen		'waen	bent,	GSR	HYDZD	rad	str	Unicode
棱	long	long		long	corner	GSR	HYDZD	rad	str	Unicode
鬧	nraewH	nraewH		nraewH	boisterous, commotion	GSR	HYDZD	rad	str	Unicode
揜	'jemX	'jemX		'jemX	trap (w/ net), hide	GSR	HYDZD	rad	str	Unicode
倘	thangX	thangX		thangX	perhaps/it might be that	GSR	HYDZD	rad	str	Unicode
凈	dzjengH	dzjengH		dzjengH	[淨] cleanse, clean	GSR	HYDZD	rad	str	Unicode
勵	ljejH	ljejH		ljejH	try one's best	GSR	HYDZD	rad	str	Unicode
掩	'jemX	'jemX		'jemX	cover up, store away	GSR	HYDZD	rad	str	Unicode
墻	dzjang	dzjang		dzjang	[牆] wall	GSR	HYDZD	rad	str	Unicode
峰	phjowng	phjowng		phjowng	[峯] mountain-peak	GSR	HYDZD	rad	str	Unicode
滴	tek	tek		tek	to drip	GSR	HYDZD	rad	str	Unicode
靜	dzjengX	dzjengX		dzjengX	motionless, quietness	GSR	HYDZD	rad	str	Unicode
帖	thep	thep		thep	calligraphy copybook	GSR	HYDZD	rad	str	Unicode
庖	baew	baew		baew	kitchen, cook, butcher	GSR	HYDZD	rad	str	Unicode
墳	bjun	bjun		bjun	cairn/grave	GSR	HYDZD	rad	str	Unicode
墳	bjunX	bjunX		bjunX	fertile	GSR	HYDZD	rad	str	Unicode
坡	pha	pha		pha	slope	GSR	HYDZD	rad	str	Unicode
芾	pj+jH	pj+jH		pj+jH	flourishing/thriving	GSR	HYDZD	rad	str	Unicode
芾	pjut	pjut		pjut	[韍]knee coverings worn by nobels	GSR	HYDZD	rad	str	Unicode
郗	trhij	trhij		trhij	a city	GSR	HYDZD	rad	str	Unicode
柰	najH	najH		najH	crab-apple	GSR	HYDZD	rad	str	Unicode
辵	trhjak	trhjak		trhjak	to walk and then to stop	GSR	HYDZD	rad	str	Unicode
蹉	tsha	tsha		tsha	to stumble	GSR	HYDZD	rad	str	Unicode
跎	da	da		da	[蹉跎]to stumble	GSR	HYDZD	rad	str	Unicode
稜	long	long		long	[棱] dignified	GSR	HYDZD	rad	str	Unicode
闓	khojX	khojX		khojX	jubilant	GSR	HYDZD	rad	str	Unicode
褉	xet	xet		xet	short garmants	GSR	HYDZD	rad	str	Unicode
脫	dwat	dwat		dwat	肉去骨亦姓出姓苑又土活切	GSR	HYDZD	rad	str	Unicode
脫	thwat	thwat		thwat	peel away, to escape	GSR	HYDZD	rad	str	Unicode
萌	meang	meang		meang	to bud, to hoe, common people	GSR	HYDZD	rad	str	Unicode
摇	yew	yew		yew	to shake	GSR	HYDZD	rad	str	Unicode
樣	yangH	yangH		yangH	(med.) kind, appearance	GSR	HYDZD	rad	str	Unicode
垓	koj	koj		koj	outer territory bounding all of space, layer, ten thousand	GSR	HYDZD	rad	str	Unicode
騅	tsywij	tsywij		tsywij	horse of mixed black/white colour, dappled	GSR	HYDZD	rad	str	Unicode
慷	khang	khang		khang	strong-hearted	GSR	HYDZD	rad	str	Unicode
麾	xjwe	xjwe		xjwe	banner, to signal with hand/flag	GSR	HYDZD	rad	str	Unicode
紿	dojX	dojX		dojX	to dupe	GSR	HYDZD	rad	str	Unicode
叱	tsyhit	tsyhit		tsyhit	to revile, to shout	GSR	HYDZD	rad	str	Unicode
尉	'jw+jH	'jw+jH		'jw+jH	to console, military title	GSR	HYDZD	rad	str	Unicode
尉	'jut	'jut		'jut	[尉遲] yùchí (MC ‘jut-drij), a disyllabic surname.	GSR	HYDZD	rad	str	Unicode
檥	ngjeX	ngjeX		ngjeX	to moore a boat on shore	GSR	HYDZD	rad	str	Unicode
翳	'ejH	'ejH		'ejH	to conceal	GSR	HYDZD	rad	str	Unicode
湌	tshan	tshan		tshan	[餐] meal	GSR	HYDZD	rad	str	Unicode
爝	tsjak	tsjak		tsjak	火 torch	GSR	HYDZD	rad	str	Unicode
鷦	tsjew	tsjew		tsjew	[鷦鷯] splendrous gryphon	GSR	HYDZD	rad	str	Unicode
鷯	lew	lew		lew	[鷦鷯] splendrous gryphon	GSR	HYDZD	rad	str	Unicode
逕	kengH	kengH		kengH	[徑] small path	GSR	HYDZD	rad	str	Unicode
藐	mjiewX	mjiewX		mjiewX	immature plant, naïve	GSR	HYDZD	rad	str	Unicode
藐	maewk	maewk		maewk	meek	GSR	HYDZD	rad	str	Unicode
淖	nraewH	nraewH		nraewH	mire, sludge	GSR	HYDZD	rad	str	Unicode
疵	dzje	dzje		dzje	blemish, to find fault	GSR	HYDZD	rad	str	Unicode
癘	ljejH	ljejH		ljejH	pestilence, plague	GSR	HYDZD	rad	str	Unicode
弊	bjiejH	bjiejH		bjiejH	destroy(ed), pernicious	GSR	HYDZD	rad	str	Unicode
汾	bjun	bjun		bjun	river name, swell/bulge	GSR	HYDZD	rad	str	Unicode
刁	tew	tew		tew	flutter, quiver	GSR	HYDZD	rad	str	Unicode
諧	heaj	heaj		heaj	harmonious	GSR	HYDZD	rad	str	Unicode
摻	sreamX	sreamX		sreamX	to grasp	GSR	HYDZD	rad	str	Unicode
寁	tsomX	tsomX		tsomX	swift	GSR	HYDZD	rad	str	Unicode
寁	dzjep	dzjep		dzjep	swift/urgent	GSR	HYDZD	rad	str	Unicode
魗	dzyuw	dzyuw		dzyuw	惡也棄也又音醜	GSR	HYDZD	rad	str	Unicode
魗	tsyhuwX	tsyhuwX		tsyhuwX	惡也棄也又市籌切	GSR	HYDZD	rad	str	Unicode
袪	khjo	khjo		khjo	sleeve	GSR	HYDZD	rad	str	Unicode
砉	xwek	xwek		xwek	sound of flesh and bone separating	GSR	HYDZD	rad	str	Unicode
譆	xi	xi		xi	pained sound	GSR	HYDZD	rad	str	Unicode
批	phej	phej		phej	to hit (with hand)	GSR	HYDZD	rad	str	Unicode
窾	khwanX	khwanX		khwanX	a rift	GSR	HYDZD	rad	str	Unicode
綮	khejX	khejX		khejX	embroidered banner	GSR	HYDZD	rad	str	Unicode
獪	kwaejH	kwaejH		kwaejH	crafty	GSR	HYDZD	rad	str	Unicode
絡	lak	lak		lak	small net	GSR	HYDZD	rad	str	Unicode
彪	pjiw	pjiw		pjiw	tiger stripes	GSR	HYDZD	rad	str	Unicode
闉	'jin	'jin		'jin	inner gates	GSR	HYDZD	rad	str	Unicode
軱	ku	ku		ku	大骨	GSR	HYDZD	rad	str	Unicode
恢	khwoj	khwoj		khwoj	大	GSR	HYDZD	rad	str	Unicode
謋	xwaek	xwaek		xwaek	sound of separating	GSR	HYDZD	rad	str	Unicode
躊	drjuw	drjuw		drjuw	pace back and forth	GSR	HYDZD	rad	str	Unicode
騞	heak	heak		heak	sound of flesh and bone rending	GSR	HYDZD	rad	str	Unicode
泠	leng	leng		leng	nonchalant, fresh(wind)	GSR	HYDZD	rad	str	Unicode
藤	dong	dong		dong	climbing vines	GSR	HYDZD	rad	str	Unicode
蘿	la	la		la	twining vines	GSR	HYDZD	rad	str	Unicode
偈	gjejH	gjejH		gjejH	Buddhist hym	GSR	HYDZD	rad	str	Unicode
偈	gjet	gjet		gjet	combative/valourous	GSR	HYDZD	rad	str	Unicode
督	towk	towk		towk	to inspect/correct, to reprimand	GSR	HYDZD	rad	str	Unicode
遄	dzywen	dzywen		dzywen	in haste	GSR	HYDZD	rad	str	Unicode
胡	hu	hu		hu	why/why/how	GSR	HYDZD	rad	str	Unicode
嬾	lanX	lanX		lanX	[懶] lazy/indolent	GSR	HYDZD	rad	str	Unicode
惱	nawX	nawX		nawX	irritated	GSR	HYDZD	rad	str	Unicode
攜	hwej	hwej		hwej	take or lead by the hand, one after another, be estranged from	GSR	HYDZD	rad	str	Unicode
霏	phj+j	phj+j		phj+j	heavy snow/rain, blurry (of cloud/mist)	GSR	HYDZD	rad	str	Unicode
虛	xjo	xjo		xjo	unfulfilled	GSR	HYDZD	rad	str	Unicode
嘏	kaeX	kaeX		kaeX	good fortune, propitious	GSR	HYDZD	rad	str	Unicode
鯊	srae	srae		srae	shark, small fish	GSR	HYDZD	rad	str	Unicode
饗	xjangX	xjangX		xjangX	[享] offer in sacrifice	GSR	HYDZD	rad	str	Unicode
右	hjuwH	hjuwH		hjuwH	[祐] help, blessing	GSR	HYDZD	rad	str	Unicode
惴	tsyweH	tsyweH		tsyweH	anxious, fearful	GSR	HYDZD	rad	str	Unicode
惴	tshwenX	tshwenX		tshwenX	creep and crawl	GSR	HYDZD	rad	str	Unicode
殲	tsjem	tsjem		tsjem	annihilate	GSR	HYDZD	rad	str	Unicode
慄	lit	lit		lit	shake with fear	GSR	HYDZD	rad	str	Unicode
特	dok	dok		dok	outstandingly, alone	GSR	HYDZD	rad	str	Unicode
防	bjang	bjang		bjang	defend/hold off	GSR	HYDZD	rad	str	Unicode
愴	tsrhjangH	tsrhjangH		tsrhjangH	sad	GSR	HYDZD	rad	str	Unicode
寥	lew	lew		lew	deserted	GSR	HYDZD	rad	str	Unicode
怳	xwangX	xwangX		xwangX	[恍] distracted, confused	GSR	HYDZD	rad	str	Unicode
村	tshwon	tshwon		tshwon	village, rustic	GSR	HYDZD	rad	str	Unicode
濤	daw	daw		daw	surge (of water)	GSR	HYDZD	rad	str	Unicode
軟	nywenX	nywenX		nywenX	feeble, (med)soft, (med)yielding	GSR	HYDZD	rad	str	Unicode
翻	phjon	phjon		phjon	wheel, to roll	GSR	HYDZD	rad	str	Unicode
暖	nwanX	nwanX		nwanX	pleasantly warm, to warm up	GSR	HYDZD	rad	str	Unicode
暖	xjwon	xjwon		xjwon	self-satisfied	GSR	HYDZD	rad	str	Unicode
狸	li	li		li	[貍] racoon-dog	GSR	HYDZD	rad	str	Unicode
恱	ywet	ywet		ywet	[悅] pleased	GSR	HYDZD	rad	str	Unicode
别	pjet	pjet		pjet	[別] to part(from), (med) discern, additionally	GSR	HYDZD	rad	str	Unicode
别	bjet	bjet		bjet	[別] be separated	GSR	HYDZD	rad	str	Unicode
黯	'eamX	'eamX		'eamX	dim, gloomy	GSR	HYDZD	rad	str	Unicode
豗	xwoj	xwoj		xwoj	onom. of waves crashing	GSR	HYDZD	rad	str	Unicode
砯	phing	phing		phing	onom. of waves crashing	GSR	HYDZD	rad	str	Unicode
鳧	bju	bju		bju	mallard duck	GSR	HYDZD	rad	str	Unicode
幮	drju	drju		drju	mosquito net/bed curtain 	GSR	HYDZD	rad	str	Unicode
亳	bak	bak		bak	Capital of Yin	GSR	HYDZD	rad	str	Unicode
綿	mjien	mjien		mjien	silk/cotton wadding	GSR	HYDZD	rad	str	Unicode
踏	thop	thop		thop	to tramp on, (med.) to inspect	GSR	HYDZD	rad	str	Unicode
夆	bjowng	bjowng		bjowng	to meet	GSR	HYDZD	rad	str	Unicode
牋	tsen	tsen		tsen	(med.) official report	GSR	HYDZD	rad	str	Unicode
卉	xjw+jH	xjw+jH		xjw+jH	term for plants	GSR	HYDZD	rad	str	Unicode
勾	kuw	kuw		kuw	hook/bend	GSR	HYDZD	rad	str	Unicode
奎	khwej	khwej		khwej	crotch	GSR	HYDZD	rad	str	Unicode
蹄	dej	dej		dej	hoof, to tread with hooves	GSR	HYDZD	rad	str	Unicode
謾	man	man		man	to cheet	GSR	HYDZD	rad	str	Unicode
謾	manH	manH		manH	to slander	GSR	HYDZD	rad	str	Unicode
較	kaewH	kaewH		kaewH	to match/compare, somewhat/relatively	GSR	HYDZD	rad	str	Unicode
較	kaewk	kaewk		kaewk	carriage-box handrails, [角] to fight over	GSR	HYDZD	rad	str	Unicode
預	yoH	yoH		yoH	in advance, prepare, anticipate	GSR	HYDZD	rad	str	Unicode
睿	ywejH	ywejH		ywejH	sagacious	GSR	HYDZD	rad	str	Unicode
呪	tsyuwH	tsyuwH		tsyuwH	incantation/curse	GSR	HYDZD	rad	str	Unicode
訝	ngaeH	ngaeH		ngaeH	to meet/receive, astounded	GSR	HYDZD	rad	str	Unicode
黿	ngjwon	ngjwon		ngjwon	large soft-shelled turtle	GSR	HYDZD	rad	str	Unicode
茶	drae	drae		drae	tea	GSR	HYDZD	rad	str	Unicode
勻	ywin	ywin		ywin	(med.) well-proportioned	GSR	HYDZD	rad	str	Unicode
掣	tsyhejH	tsyhejH		tsyhejH	drag, pull out, select, (med.) pass quickly	GSR	HYDZD	rad	str	Unicode
悶	mwon	mwon		mwon	stifled, silent	GSR	HYDZD	rad	str	Unicode
悶	mwonH	mwonH		mwonH	melancholy, despondent	GSR	HYDZD	rad	str	Unicode
箋	tsen	tsen		tsen	annotation/commentary	GSR	HYDZD	rad	str	Unicode
款	khwanX	khwanX		khwanX	earnest, to arrive at, (med.) treat cordially	GSR	HYDZD	rad	str	Unicode
昌	tsyhang	tsyhang		tsyhang	splendid	GSR	HYDZD	rad	str	Unicode
掃	sawX	sawX		sawX	sweep away, get rid of, (med.) brush on	GSR	HYDZD	rad	str	Unicode
湛	drim	drim		drim	plunge into, melt away	GSR	HYDZD	rad	str	Unicode
湛	tom	tom		tom	rejoice in	GSR	HYDZD	rad	str	Unicode
湛	tsjem	tsjem		tsjem	soak(ing)	GSR	HYDZD	rad	str	Unicode
湛	dreamX	dreamX		dreamX	thickly piled, deep, motionless	GSR	HYDZD	rad	str	Unicode
胷	xjowng	xjowng		xjowng	chest	GSR	HYDZD	rad	str	Unicode
隷	lejH	lejH		lejH	attach to, scribe	GSR	HYDZD	rad	str	Unicode
矞	ywit	ywit		ywit	grand, elegant, propitious	GSR	HYDZD	rad	str	Unicode
厘	li	li		li	govern, give to, (med.) a thousandth part of a "foot"	GSR	HYDZD	rad	str	Unicode
牒	dep	dep		dep	writing-tablet, official letter	GSR	HYDZD	rad	str	Unicode
聯	ljen	ljen		ljen	connect(ed), curved	GSR	HYDZD	rad	str	Unicode
撇	phet	phet		phet	strike lightly, throw off, (med.) off-centre	GSR	HYDZD	rad	str	Unicode
鼂	drjew	drjew		drjew	leatherback sea-turtle, a surname	GSR	HYDZD	rad	str	Unicode
鼂	trjew	trjew		trjew	[朝] morning	GSR	HYDZD	rad	str	Unicode
菊	kjuwk	kjuwk		kjuwk	chrysanthemum	GSR	HYDZD	rad	str	Unicode
絜	ket	ket		ket	[潔] clean, pure	GSR	HYDZD	rad	str	Unicode
絜	het	het		het	use a cord to measure, evaluate	GSR	HYDZD	rad	str	Unicode
么	'ew	'ew		'ew	[幺] tiny	GSR	HYDZD	rad	str	Unicode
謅	tsrhaewX	tsrhaewX		tsrhaewX	to argue/disturb	GSR	HYDZD	rad	str	Unicode
賔	pjin	pjin		pjin	[賓] guest	GSR	HYDZD	rad	str	Unicode
専	tsywen	tsywen		tsywen	[專] exclusively, specialize in	GSR	HYDZD	rad	str	Unicode
彂	pjot	pjot		pjot	[發] to shoot out, to dispatch	GSR	HYDZD	rad	str	Unicode
隣	lin	lin		lin	[鄰] neighbour, neighbourhood	GSR	HYDZD	rad	str	Unicode
叅	tshom	tshom		tshom	[參] to participate in, to assist	GSR	HYDZD	rad	str	Unicode
叅	sam	sam		sam	[參] group of three 	GSR	HYDZD	rad	str	Unicode
叅	sim	sim		sim	[參] Triaster (star) 	GSR	HYDZD	rad	str	Unicode
閧	huwngH	huwngH		huwngH	[鬨] dispute, uproar	GSR	HYDZD	rad	str	Unicode
歳	sjwejH	sjwejH		sjwejH	[歲] Jupiter	GSR	HYDZD	rad	str	Unicode
聴	theng	theng		theng	[聽] to listen, hear	GSR	HYDZD	rad	str	Unicode
聴	thengH	thengH		thengH	[聽] to comply, accept, await	GSR	HYDZD	rad	str	Unicode
亊	dzriH	dzriH		dzriH	[事] affair, matter	GSR	HYDZD	rad	str	Unicode
邉	pen	pen		pen	[邊] border, frontier, (med.) a part of something	GSR	HYDZD	rad	str	Unicode
寜	neng	neng		neng	[寧] peaceful	GSR	HYDZD	rad	str	Unicode
寧	nengH	nengH		nengH	[寧] rather, indicates preferred option	GSR	HYDZD	rad	str	Unicode
碟	dep	dep		dep	[疊] to pile up, musical refrain, to hit drum	GSR	HYDZD	rad	str	Unicode
曺	dzaw	dzaw		dzaw	[曹] paired, group of people	GSR	HYDZD	rad	str	Unicode
瓊	gjwieng	gjwieng		gjwieng	a fine (reddish) gemstone, divinely beautiful (med.) whitish gemstone	GSR	HYDZD	rad	str	Unicode
従	dzjowng	dzjowng		dzjowng	[從] to follow	GSR	HYDZD	rad	str	Unicode
咋	tsreak	tsreak		tsreak	to gnaw, to call out	GSR	HYDZD	rad	str	Unicode
須	sju	sju		sju	need to	GSR	HYDZD	rad	str	Unicode
區	khju	khju		khju	delimit, delimited area	GSR	HYDZD	rad	str	Unicode
罶	ljuwX	ljuwX		ljuwX	bamboo fish-trap	GSR	HYDZD	rad	str	Unicode
鱨	dzyang	dzyang		dzyang	golden catfish	GSR	HYDZD	rad	str	Unicode
鱧	lejX	lejX		lejX	murrel (fish)	GSR	HYDZD	rad	str	Unicode
鰋	'jonX	'jonX		'jonX	culter (fish)	GSR	HYDZD	rad	str	Unicode
躓	trijH	trijH		trijH	stumble, be frustrated	GSR	HYDZD	rad	str	Unicode
箏	tsreang	tsreang		tsreang	zither	GSR	HYDZD	rad	str	Unicode
罔	mjangX	mjangX		mjangX	ensnare, deceive	GSR	HYDZD	rad	str	Unicode
俏	tshjewH	tshjewH		tshjewH	charming, handsome	GSR	HYDZD	rad	str	Unicode
能	nojH	nojH		nojH	[耐] to bear/withstand	GSR	HYDZD	rad	str	Unicode
譏	kj+j	kj+j		kj+j	mock, interrogate	GSR	HYDZD	rad	str	Unicode
潁	ywengX	ywengX		ywengX	grain hust/tip of something short and slender	GSR	HYDZD	rad	str	Unicode
繄	'ej	'ej		'ej	'it is the case that', exclamation particle	GSR	HYDZD	rad	str	Unicode
洩	sjet	sjet		sjet	ooze, disperse, depleted	GSR	HYDZD	rad	str	Unicode
洩	yejH	yejH		yejH	expand, relax, brighten	GSR	HYDZD	rad	str	Unicode
申	syin	syin		syin	stretch out, declare meaning, do something repeatedly, warn	GSR	HYDZD	rad	str	Unicode
申	syin	syin		syin	Zhou vassal state	GSR	HYDZD	rad	str	Unicode
義	ngjeH	ngjeH		ngjeH	meaning	GSR	HYDZD	rad	str	Unicode
淇	gi	gi		gi	river name	GSR	HYDZD	rad	str	Unicode
僩	haenX	haenX		haenX	virile, daunting, magnanimous	GSR	HYDZD	rad	str	Unicode
猗	'jeX	'jeX		'jeX	swaying, 	GSR	HYDZD	rad	str	Unicode
猗	'jeX	'jeX		'jeX	[倚] to lean on	GSR	HYDZD	rad	str	Unicode
及	gip	gip		gip	and(nouns)	GSR	HYDZD	rad	str	Unicode
雉	drijX	drijX		drijX	section measurement of a wall	GSR	HYDZD	rad	str	Unicode
制	tsyejH	tsyejH		tsyejH	arrangement/institution, to craft/cut	GSR	HYDZD	rad	str	Unicode
圖	du	du		du	diagram, to assess	GSR	HYDZD	rad	str	Unicode
姑	ku	ku		ku	for the time being	GSR	HYDZD	rad	str	Unicode
既	kj+jH	kj+jH		kj+jH	just after/recently	GSR	HYDZD	rad	str	Unicode
將	tsjang	tsjang		tsjang	future tense marker/about to, intends to	GSR	HYDZD	rad	str	Unicode
夫	bju	bju		bju	in every case	GSR	HYDZD	rad	str	Unicode
匱	gwijH	gwijH		gwijH	lacking/inadequate	GSR	HYDZD	rad	str	Unicode
告	kawH	kawH		kawH	to request	GSR	HYDZD	rad	str	Unicode
告	kowk	kowk		kowk	to request	GSR	HYDZD	rad	str	Unicode
隘	'eak	'eak		'eak	to close off	GSR	HYDZD	rad	str	Unicode
隘	'eaH	'eaH		'eaH	to be blocked in	GSR	HYDZD	rad	str	Unicode
耇	kuwX	kuwX		kuwX	[耉] long-lived person	GSR	HYDZD	rad	str	Unicode
耉	kuwX	kuwX		kuwX	long-lived person	GSR	HYDZD	rad	str	Unicode
御	ngaeH	ngaeH		ngaeH	[迓] to meet/welcome	GSR	HYDZD	rad	str	Unicode
代	dojH	dojH		dojH	age/dynasty	GSR	HYDZD	rad	str	Unicode
第	dejH	dejH		dejH	merely	GSR	HYDZD	rad	str	Unicode
冢	trjowngX	trjowngX		trjowngX	senior/eldest	GSR	HYDZD	rad	str	Unicode
⽤	yowngH	yowngH		yowngH	to use	GSR	HYDZD	rad	str	Unicode
工	kuwng	kuwng		kuwng	expert (in)	GSR	HYDZD	rad	str	Unicode
容	yowng	yowng		yowng	tolerate/condone	GSR	HYDZD	rad	str	Unicode
膺	ingH	ingH		ingH	receive	GSR	HYDZD	rad	str	Unicode
俾	pjieX	pjieX		pjieX	to cause/lead to	GSR	HYDZD	rad	str	Unicode
欠	khjomX	khjomX		khjomX	(med.) to owe/be in debt to	GSR	HYDZD	rad	str	Unicode
償	dzyang	dzyang		dzyang	to repay	GSR	HYDZD	rad	str	Unicode
怖	phuH	phuH		phuH	terror/terrified	GSR	HYDZD	rad	str	Unicode
甌	'uw	'uw		'uw	shallow cup, yurt	GSR	HYDZD	rad	str	Unicode
榻	thap	thap		thap	1 or 2-person platform	GSR	HYDZD	rad	str	Unicode
俊	tswinH	tswinH		tswinH	eminent	GSR	HYDZD	rad	str	Unicode
棨	khejX	khejX		khejX	wooden tally	GSR	HYDZD	rad	str	Unicode
蛟	kaew	kaew		kaew	destructive dragon	GSR	HYDZD	rad	str	Unicode
餞	dzjenH	dzjenH		dzjenH	farewell ceremony, to see off	GSR	HYDZD	rad	str	Unicode
潦	lawX	lawX		lawX	heavy rain, torrential	GSR	HYDZD	rad	str	Unicode
騑	pj+j	pj+j		pj+j	team of horses	GSR	HYDZD	rad	str	Unicode
聳	sjowngX	sjowngX		sjowngX	upthrust, to regard with respect	GSR	HYDZD	rad	str	Unicode
翠	tshwijH	tshwijH		tshwijH	kingfisher, alcedine	GSR	HYDZD	rad	str	Unicode
嶼	zjoX	zjoX		zjoX	small hilly island	GSR	HYDZD	rad	str	Unicode
縈	'jwieng	'jwieng		'jwieng	to coil around, to tie up	GSR	HYDZD	rad	str	Unicode
廻	hwoj 	hwoj 		hwoj 	[回] revolve, turn away, go back	GSR	HYDZD	rad	str	Unicode
桂	kwejH	kwejH		kwejH	cinnamon tree	GSR	HYDZD	rad	str	Unicode
岡	kang	kang		kang	ridge of hill	GSR	HYDZD	rad	str	Unicode
巒	lwan	lwan		lwan	rocky pinnacle	GSR	HYDZD	rad	str	Unicode
闥	that	that		that	small door	GSR	HYDZD	rad	str	Unicode
甍	meang	meang		meang	roof, part of roof-frame	GSR	HYDZD	rad	str	Unicode
矚	tsyowk	tsyowk		tsyowk	to stare at	GSR	HYDZD	rad	str	Unicode
舸	kaX	kaX		kaX	large boat	GSR	HYDZD	rad	str	Unicode
艦	haemX	haemX		haemX	warship	GSR	HYDZD	rad	str	Unicode
舳	drzuwk	drzuwk		drzuwk	stern of boat	GSR	HYDZD	rad	str	Unicode
銷	sjew	sjew		sjew	fuse metal, melt away	GSR	HYDZD	rad	str	Unicode
霽	tsejH	tsejH		tsejH	clearing sky, dissipating anger	GSR	HYDZD	rad	str	Unicode
霞	hae	hae		hae	pink dawn/dusk clouds	GSR	HYDZD	rad	str	Unicode
鶩	mjuH	mjuH		mjuH	duck, scuttle	GSR	HYDZD	rad	str	Unicode
蠡	lje	lje		lje	calabash-ladel	GSR	HYDZD	rad	str	Unicode
蠡	lejX	lejX		lejX	in ruins	GSR	HYDZD	rad	str	Unicode
濱	pjin	pjin		pjin	waterfront, margin	GSR	HYDZD	rad	str	Unicode
爽	srjangX	srjangX		srjangX	brisk, to violate	GSR	HYDZD	rad	str	Unicode
睢	xjwie	xjwie		xjwie	to gaze upwards	GSR	HYDZD	rad	str	Unicode
睢	swij	swij		swij	to glare at	GSR	HYDZD	rad	str	Unicode
鄴	ngjaep	ngjaep		ngjaep	Yecheng (city in Hebei)	GSR	HYDZD	rad	str	Unicode
迥	hwengX	hwengX		hwengX	far-stretching, distant	GSR	HYDZD	rad	str	Unicode
宙	drjuwH	drjuwH		drjuwH	central beam	GSR	HYDZD	rad	str	Unicode
溟	meng	meng		meng	deep water	GSR	HYDZD	rad	str	Unicode
萍	beng	beng		beng	duckweed	GSR	HYDZD	rad	str	Unicode
閽	xwon	xwon		xwon	gate-keeper	GSR	HYDZD	rad	str	Unicode
誼	ngjeH	ngjeH		ngjeH	dutiful	GSR	HYDZD	rad	str	Unicode
涸	hak	hak		hak	dried-out	GSR	HYDZD	rad	str	Unicode
阮	ngjwonX	ngjwonX		ngjwonX	surname, Zhou-era state	GSR	HYDZD	rad	str	Unicode
猖	tshang	tshang		tshang	reckless	GSR	HYDZD	rad	str	Unicode
慤	khaek	khaek		khaek	earnest, scrupulous	GSR	HYDZD	rad	str	Unicode
笏	xwot	xwot		xwot	bamboo note-taking tablet 	GSR	HYDZD	rad	str	Unicode
庭	deng	deng		deng	courtyard in front of main hall	GSR	HYDZD	rad	str	Unicode
叨	thaw	thaw		thaw	greedy, (med.) self-deprecating unworthy	GSR	HYDZD	rad	str	Unicode
捧	phjowngX	phjowngX		phjowngX	hold up in both hands	GSR	HYDZD	rad	str	Unicode
偉	hjw+jX	hjw+jX		hjw+jX	majestic, to praise	GSR	HYDZD	rad	str	Unicode
潘	phan	phan		phan	rice-water	GSR	HYDZD	rad	str	Unicode
潘	ban	ban		ban	vortex	GSR	HYDZD	rad	str	Unicode
棟	tuwngH	tuwngH		tuwngH	ridgepole	GSR	HYDZD	rad	str	Unicode
捲	kjwenX	roll-up	kjwenX	roll-up		kjwenX	roll-up		GSR	HYDZD	rad	str	Unicode
捲	gjwen	gjwen		gjwen	fist, clenched	GSR	HYDZD	rad	str	Unicode