序號	字	類別	正字	中古地位	切拼	考釋備註
1	嗄	訓讀	喝	影夬開二去	qaejh	·嗄，「夏」聲字在上古魚部，斷不入夬韻，於犗切可怪。《莊子·庚桑楚》：「兒子終日嗥而嗌不嗄。」陸德明釋文：「嗄，於邁反。本又作『嚘』。徐音憂。司馬云：楚人謂啼極無聲爲嗄。崔本作『喝』，云：啞也。」「嗄」音於邁反，以《釋文》引崔本異文作「喝」觀之，是爲｛喝｝之音明矣。更言之，《莊子》此語本自《老子》。《老子》：「終日號而不△。」「△」郭店簡甲本作「㥑」；帛書甲本作「⿱心夊」；北大簡本作「幽」；傅奕本、河上公本作「啞」；王弼本作「嗄」；原本《玉篇·言部》引作「㱊」。從其出土材料對應者作「㥑」「幽」看來，是本係一幽部詞。「夏」「憂」形近，後誤爲「嗄」，音隨形變，遂讀魚麻音，中古所嫁切之音亦係附會耳。
2	䬵欬	訓讀	喝	影夬開二去	qaejh	·䬵、欬，「亥」聲與夬韻不諧，是讀｛喝｝，與「嗄」相類。
3	𢆸	訓讀	絣	幫耕二平	peeng	·𢆸，疑此「𢆸」本「㡭(繼)」之省形分化字。漢代或以「㡭」爲｛繼｝，馬王堆帛書《十問》：「㡭(繼)以蜚虫。11」。「繼」有“繼續”義，《說文》：「繼，續也。」而「絣」亦有此義，《後漢書》「將絣萬嗣」李賢注引《廣雅》：「絣，續也。」《廣雅·釋詁二》：「𢆸，絣也。」是兩字同義，而後「𢆸」由“繼續”義訓讀｛絣｝，遂音北萌切，本音不存。《名義》：「𨓁，補幸反。絣。布。」其語當本自顧野王《玉篇》，是南朝時或已訓讀｛絣｝之音。
4	竝並	訓讀	併	並青四上	bengq	·並，潘悟雲（2021）以爲「並」本讀陽部音、與「方」音義相近，中古青韻讀法是與「併」義近所致。其說是。段玉裁《注》「普」下曰「並古音同傍」已略及之，然其「並」字下謂古文「並」於今文作「併」是「二字音義皆同之故」，是仍未達一間。從文字材料看「並」當歸陽部，其例如：①《老子》：「萬物並作。」郭店甲本簡24作「方」、馬王堆帛書甲乙本作「旁」；②友人李豪謂新蔡葛陵楚簡乙一14、23，乙四21等之「𨚖並」，甲三8、18有異文作「𨚖邡」；③裘錫圭先生指出《管子·勢》「秉時養人」的「秉」即「並」之音近訛字（說見：裘錫圭《讀書札記四則》第三則），「秉」古音陽部，是似亦「並」古讀陽部之一證。上古漢語中有一組表示“相並”的、音幫組陽部PAŊ的同源詞，其詞如｛方｝、｛舫｝，象兩人相傍站立的「並」本來應是爲該詞族之一造的表意字。後來由於｛並｝與｛併｝兩個詞義近，於是本來在陽部的「並」字訓讀爲耕部詞｛併｝，遂音蒲迥切。
5	不	訓讀	弗	幫物三入	put	·不，訓讀｛弗｝。
6	纔	訓讀	才	從咍開一平	dzeoj	·纔，本「毚」TSAM聲。裘錫圭先生謂談部「毚」與之部「才」讀音不近，疑「毚/纔」本記錄｛才｝的音近義同詞，後訓讀｛才｝（說見：裘錫圭《文字學概要(修訂本)》P249）。其說極是。秦漢時期或用「毚」做副詞表示“剛才”之義：周家臺秦簡《日書》：「欲(浴)朁(蠺)必以日毚始出時浴之。370」友人貝泰睿說，初用「毚」（或其孳乳字「纔」）記錄的本是古漢語中有“剛才”義的｛暫｝（或其同源詞），後讀義近之｛才｝。《廣雅·釋言》：「纔(才)，暫也。」
7	纔	訓讀	才	從咍開一去	dzeojh	·纔，見昨哉切之「纔」。
8	䰫	訓讀	訬	初肴開二平	tsrhaew	·䰫，本「堯」聲，有“健疾”義，此與｛驍/梟｝同源。《廣雅·釋詁二》：「䰫、驍，健也。」《漢書》「北貉、燕人來致梟騎助漢」顏師古注引應劭曰：「梟，健也。」「䰫」由“健疾”義訓讀｛訬｝。原本《玉篇·言部》：「訬，《聲類》亦『䰫』字。䰫，徤疾也。今謂徤曰訬。」
9	䰫	訓讀	訬	崇肴開二上	dzraewq	·䰫，見楚交切之「䰫」。
10	鼂	訓讀	朝	澄宵開三平	driew	·鼂，本與「鼀」同聲符，上古音精組幽覺部TSUK，本係記錄｛早｝*tsˤuʔ/｛夙｝*suk，後訓讀｛朝｝*drau，可見：陳劍《說“竈”等字所從“黽”形的來源》引張富海說。
11	硩	訓讀	擿	透錫開四入	thek	·硩，《說文》：「硩，上摘巖空青、珊瑚墮之。从石、折聲。《周禮》有硩蔟氏。」《周禮》：「硩蔟氏」鄭司農云：「𥓊，讀爲擿。」鄭玄注：「硩，古字，從石、折聲。」義爲“摘采”的｛硩｝又作「折」：①《墨子》：「昔者夏后開使蜚廉折金於山川，而陶鑄之於昆吾。」②上博竹書二《容成氏》：「羹不折骨。」可見確實有一個「折」聲的、義爲“摘采”的詞，該詞本音蓋丑列切，寫作「折」或「硩」；後「硩」字由“摘取”義訓讀有｛摘｝之音，是爲他歷切。参考：陳劍《釋上博竹書和春秋金文的“羹”字異體》。
12	癡	訓讀	佁	徹之開三平	trhy	·癡，「癡」本「疑」聲，不應入中古徹母，疑其本詞爲｛騃｝*ŋrˤəʔ、｛獃｝*ŋˤə（「獃」字晚出、本爲之部詞，之部咍與微部咍合流以後才有其字）之類，後訓讀｛癡｝*[l̥]rə，該詞爲｛嬯｝*[l]ˤə或｛佁｝*ləʔ之同源詞。
13	翨	訓讀	翅	見支開三A去	kieh	·翨，鳥翮，《周禮·秋官·序官》「翨氏」鄭司農注：「翨，讀爲翅翼之趐」陸德明釋文：「翨，音翅，失豉反，又吉豉反，鳥翮。」疑是訓讀｛翅｝。二詞之糾葛可參：沈瑞清《說“翅”》。
14	觕	訓讀	麤粗	清模一平	tsho	·觕，此音蓋由“粗”義訓讀爲｛麤｝、｛粗｝。《說文》：「𧢼，角長皃。」段注：「按此字見於經史者皆譌爲『觕』。從牛、角。《公羊傳》曰：『觕者曰侵；精者曰伐。』何曰：『觕，麤也。』《公羊·隱元年》注曰：『用心尚麤觕。』《漢·藝文志》曰：『庶得麤觕。』以麤觕連文，則觕非麤字也。『麤觕』若今人曰『粗糙』。𧢼從爿聲，古葢讀如倉。轉寫譌其形作『觕』，其音讀才古反，又或讀七奴反矣。」是｛觕｝、｛麤｝、｛粗｝本非一詞，以「觕」本「爿」聲求之，古音本讀精組陽部，實乃同源詞間的換讀。
15	觕	訓讀	麤粗	從模一上	dzoq	·觕，見倉胡切之「觕」。
16	嘼	訓讀	畜	曉尤三去	huh	·嘼，《說文》：「嘼，㹌也。象耳頭足厹地之形。古文嘼，下从厹。」段玉裁注：「許救切。三部。凡六畜當用此音。今專讀丑六切。非也。」「獸」本爲會意字「獸」的截省分化字，音義與「獸」同。中古許救切乃｛畜｝之音，以《說文》不以「獸」爲「嘼」聲考之，許慎讀「嘼」爲｛畜｝。
17	擉	訓讀	簎	初覺二入	tsrhoeuk	·擉，刺也。《莊子·則陽》：「冬則擉鱉於江，夏則休乎山樊。」陸德明釋文：「擉，初角反。又敕角反。司馬云：刺也。郭音觸。徐丁緑反。一音捉。」「擉」乃「蜀」聲，不得入中古初母。郭音觸，是其本音，《釋文》初角反是訓讀｛簎｝也。
18	囧	訓讀	炯	見庚合三B上	kuaengq	·囧，《說文》：「囧，窻牖麗廔闓明。象形。凡囧之屬皆从囧。讀若獷。賈侍中說：讀與明同。」自東周以降已無獨用的「囧」字，《說文》系統的「囧」蓋自「朙」上剝離而得，自有“光明”義。傳世音乃附會｛炯｝的同源詞而得，上古漢語有一表示“光明”義、讀音在云組耕部WEŊ的詞族，其詞如｛熲/炯｝*kwˤeŋʔ、｛炯｝*ɡwˤeŋʔ、｛榮｝*wreŋ等，「囧」之訓讀詞亦其一。
19	縒	訓讀	錯	清鐸開一入	tshak	·縒，「參差」又作「參縒」，錯亂不齊貌，是「縒」有“亂”義；「錯」亦有“雜亂”義，兩者義近，故後「縒」訓讀爲｛錯｝，有倉各切之音。《玉篇》：「縒，且各切。參縒也。亦作錯。」《新撰字鏡》：「縒，蘇可反。錯也。」
20	竁	訓讀	穿	昌仙合三去	tjhwienh	·竁，《說文·穴部》：「竁，穿地也。从穴，毳聲。一曰小鼠。《周禮》曰：『大喪，甫竁。』」段玉裁注：「《周禮·小宗伯》、《冢人》皆曰：『甫竁。』注曰：甫，始也。鄭大夫讀竁皆爲穿；杜子春讀竁如毳，皆謂葬穿壙也。今南陽名穿地爲竁，聲如腐脆之脆。按此注讀竁爲穿者，易其字也；讀竁如毳者，擬其音也。」
21	揥	訓讀	硩	徹祭開三去	trhiejh	·揥，《毛詩》：「象之揥也」《釋文》：「揥，勑帝反。摘也。」安大簡《詩經》作「啻」。《釋名》：「揥，摘也，所以摘髮也。」《玉篇》：「敕細切。《詩》云：『象之揥也。』所以摘髮。又都悌切。」此字本記錄「摘」之同源詞，在上古錫部去聲、中古勑帝反。丑例切蓋訓讀爲“摘”之｛硩｝(丑列切)的同源詞，該詞爲入聲動詞｛硩｝*tʰrat對應的去聲名詞*tʰrath。
22	㢯	訓讀	弴	端魂合一平	ton	·㢯，正作「弤」，《玉篇》：「弴，丁幺、丁昆二切。天子弓也。弤，同上。畫弓也。又丁禮切。舜弓名。」《廣韻》：「弴，畫弓也。天子弴弓。又丁僚切。㢯，上同。〔都昆切〕」「弤，《埤蒼》云：『舜弓名。』」「弤」本義爲舜弓名，本音都禮切，疑由於與「弴」音義相近，故有｛弴｝之音。
23	弴	訓讀	雕	端蕭開四平	tew	·弴，畫飾，又作「敦」。都聊切之韻母與「𦎫」聲不合，是訓讀｛雕｝。《毛詩·大雅·行葦》「敦弓」陸德明釋文：「敦，音彫，畫弓也。」舊或謂通轉，非。
24	璏	訓讀	衛	云月合三入	uot	·璏，見于歲切之「璏」。
25	璏	訓讀	衛	云祭合三B去	uejh	·璏，《說文》：「璏，劍鼻玉也。从玉，彘聲。」段玉裁注：「《王莽傳》：『美玉可以滅瘢，欲獻其璏。』服䖍曰：『璏音衞。』蘇林曰：『劒鼻玉也。』」字又作「衞」，《漢書·匈奴傳下》「玉具劍」顏師古注引孟康曰：「摽首鐔衛盡用玉爲之也。」「彘」聲字不當音云母，是訓讀｛衞｝而有王伐、于歲二切，本讀直例切。
26	囮	訓讀	㘥	以尤三平	ju	·囮，鳥媒。《說文》：「囮，譯也。从囗、化。率鳥者繫生鳥以來之，名曰囮。讀若譌。㘥，囮或从繇。」段玉裁注：「按或當作也。本二字。一化聲，一䌛聲，其義則同。《廣雅·釋言》曰：『囮，㘥也。』是可證爲二字轉注矣。潘岳《射雉賦》：『恐吾游之晏起』，又『良游呃喔，引之規裏。』徐爰注：『雉媒，江淮閒謂之游。』唐吕温有《由鹿賦》。游與由皆卽『㘥』字也。從䌛當作從囗、䌛聲，音由。三部。徐鉉云訛由二音，誤也。」《廣雅·釋言》：「囮，㘥也。」王念孫疏證：「囮與㘥義同而音異。囮从化聲，讀若譌；㘥从繇聲，讀若由。《廣雅·釋言》：『囮，㘥也。』則二字之不同音甚明。」是「囮」本「化」聲，其所記錄的詞本與「㘥」有異，但兩者同義，都指捕鳥時用活鳥引誘同類鳥的裝置。「囮」上古歌部疑母，段玉裁云「囮者、誤之也」，其詞與“欺詐”義的｛僞｝同源，得名著眼于詐他鳥上當；「㘥」上古幽部以母，與“誘導”義的｛誘｝同源，得名著眼于引誘他鳥；兩者異名而同謂，故後來或以「囮」訓讀｛㘥｝，「囮」遂有以周切之音。參考：孫玉文《漢語變調構詞考辨》。
27	𠣵	訓讀	匐	並德一入	beok	·𠣵，蓋本爲「匍」之異體，訓讀｛匐｝。
28	軵	訓讀	搑𢫨	日鍾三上	njuongq	·軵，本「付」聲，有“推”義，「付」蓋此表意字。《漢書·馮奉世傳》：「再三發軵。」顏師古注引如淳曰：「軵，推也。」而後由“推”義訓讀爲｛𢫨/搑｝。說見：陳劍《釋殷墟甲骨文中的“付”字》。
29	㝅	訓讀	乳	泥侯一上	nouq	·㝅，此訓讀｛乳｝。
30	䦼	訓讀	副	滂職三入	phyik	·䦼，地裂，又作「𨼱」。《說文》：「䦼，𨸏䆕也。从𨺅，決省聲。」原本《玉篇》引《蒼頡篇》：「䦼，巩地裂也。」這個詞本與“開裂”義的｛決｝同源，《玉篇》：「決，判也。」《文選·甘泉賦》「天閫決兮地垠開」注：「決亦開也。」古漢語中「副」也有“判裂”義，《說文》：「副，判也。」《詩·大雅·生民》「不坼不副」孔穎達疏：「坼、副，皆裂也。」是「䦼」由“裂”義訓讀｛副｝，遂讀芳逼切。
31	開	訓讀	闓	溪咍開一平	kheoj	·開，小徐本《說文·門部》：「開，張也。从門，幵聲。」段玉裁注：「按大徐本改爲『从門从幵』。以『幵』聲之字古不入之咍部也。玉裁謂此篆『幵』聲。古音當在十二部，讀如攐帷之攐。由後人讀同闓，而定爲苦哀切。」段玉裁謂中古音乃讀爲｛闓｝，是也。「開」本「幵」聲，記錄｛啟｝（或其同源詞），訓讀爲｛闓｝，遂有微部音。參考：陳劍《〈容成氏〉補釋三則》、張富海《清華簡零識四則》。
32	䍍	訓讀	坏	幫尤三平	pu	·䍍，未燒瓦器。《說文》：「䍍，未燒瓦器也。从缶、𣪊聲。读若筩莩。」《名義》無尤反；《玉篇》苦谷切；《王三》匹尤、空谷二反；《廣韻》甫鳩、苦候、空谷三切。《說文》謂其「𣪊」聲，是上古聲母當在見系，中古溪母讀法與之相合；又「读若筩莩」之「莩」，段玉裁注：「莩音孚。則䍍亦音孚。」是聲母在幫組，考其音義，當與｛坏｝同源，《說文》：「坏，瓦未燒。」見、幫兩母斷不可通，疑此幫組之音蓋同義訓讀｛坏｝（或者說其同源詞）而得。《集韻》：「䍍，瓦器未燒。或作『坏』。」是以「䍍」「坏」爲異體。
33	荲	訓讀	蓫	徹屋三入	trhuk	·荲，羊蹄菜。《說文》：「荲，艸也。从艸、里聲。讀若釐。」段玉裁注：「艸也。下文之『苖』也。《本艸經》曰：『羊蹄，《小雅》謂之蓫。』『蓫』卽『苖』字，亦作『蓄』。《廣韵》一屋：『荲』許竹、丑六二切，羊蹄菜也。从艸。里聲。讀若釐。里之切。一部。按《廣韵》『荲』讀許竹、丑六切者，因荲蓄同物而誤讀『荲』同『蓄』也。」段氏古音精審，察韻部之異乃有其說，可從。「荲」乃「里」聲，本讀若釐，《名義》攄力反、大徐本《說文》里之切是也；與「蓫」同義，遂訓讀有｛蓫/苖/蓄｝之音。《毛詩·我行其野》「言采其蓫」鄭玄箋：「蓫，牛蘈也。」陸機疏：「蓫，牛蘈，揚州人謂之羊蹄，幽州人謂之蓫。」陸德明釋文：「蓫，本又作『蓄』。」《廣雅》：「荲，羊蹏也。」
34	荲	訓讀	蓫	曉屋三入	huk	·荲，見許竹切之「荲」。
35	吏	訓讀	理/李	來之開三去	lyh	·吏，舊皆謂「史」「事」「吏」爲一字之分化，於形體無可疑。「吏」讀中古來母，「史」「使」中古生母，中古生母有一部分與來母在上古尤近，尚似允洽；然「事」等字讀中古莊崇母，與來母不諧。出土材料中屢見以「囟」「思」「茲」爲｛使｝者，益證「使」等字當在上古TS組而非R組，「史」「事」諸字中古音莊、崇、生母固自然，唯中古來母之「吏」音可怪。舊或以複輔音說之，似未審。「吏」力置切蓋訓讀｛吏/理｝耳（可參：龐光華《上古音及相關問題綜合研究：以復輔音聲母爲中心》）。古漢語TSƏ（精組之部）有一個表示“事” 、“治理”的詞族， 其詞如｛采｝*tsʰˤəʔ、｛宰｝*tsˤəʔ、｛載｝*tsˤəʔ等（《爾雅》：「采，事也。」《小爾雅》：「宰，治也。」又：「載，事也。」）它們是｛事｝*dzrəh、｛士｝*dzrəh的同源詞；古漢語LƏ~RƏ（以來組之部）也有個與“治理”有關的詞族，如｛釐｝*rə、｛理/李｝*rəʔ、｛治｝*lrə、｛敕｝*l̥rək等，兩者於書寫判然有別。詞族既分，訓讀明矣。
36	敹	訓讀	料	來蕭開四平	lew	·敹，簡擇也，同「料」。金文有「𪯚擇吉金」之文，王俅、孫詒讓、于省吾等皆將「𪯚」與「敹」聯繫，可信。「𪯚」本「𡱵」TSAI聲，金文辭例舊多讀｛選｝，不如讀爲訓“擇”之｛差｝（說見：復旦網論文張俊成《𨟭公孫朝子鐘銘及年代問題》文下llaogui （施謝捷）評論、王磊《釋金文中的“擇”》），「敹」爲「𪯚(差)」之流變，漢人失其讀，以義讀爲｛料｝。
37	埿	訓讀	湴	並銜二去	baemh	·埿，塗也，字又作「湴」。《古文四聲韻》4·41引《義雲章》：「湴：埿。」《夢溪筆談·辯證一》：「《唐六典》述五行，有祿命、驛馬、湴河之目。人多不曉湴河之義。……湴，字書亦作『埿』。蒲濫反。按：古文埿，深泥也。本書有湴河者，蓋謂陷運，如今之『空亡』也。」「埿」爲「泥」之異體，音奴計反。蒲濫反乃別一詞，由“塗”義訓讀爲｛湴｝，非所謂「湴」古文；也可以把這個讀音的「埿」視作義爲“塗”的｛湴｝的會意字，與作爲「泥」異體的「埿」同形。《名義》：「埿，蒲鑒反。塗丶(也)。」其切語當本自顧野王《玉篇》，是南朝時已讀此音。
38	暖煖	訓讀	㬉煗	泥寒合一上	nwanq	·煖，本从「火」、「爰」聲，義爲“溫暖”。《莊子·大宗師》：「煖然似春。」陸德明釋文：「煖，音暄。」這個詞又作「暄」。《素問·五運行大論》：「東方生風…其性爲暄，其德爲暄和。」王冰注：「暄，㬈也」後由“溫暖”義訓讀爲｛煗｝。說見：孫玉文《訓讀舉例》、鄭妞《“同義換讀”現象在上古音研究中的作用》。
39	帕	訓讀	帓	明鎋二入	maet	·帕，又作「帞」，額巾。《方言注》音貊；《名義》莫格反；《玉篇》莫格切；《王三》莫白反；《裴韻》莫百反；《廣韻》莫白、莫鎋二切。莫鎋切之音乃《廣韻》後增，其韻與「白」聲字形不密合，疑乃訓讀同義的｛帓｝所得。《列子·湯問》「鞨巾而裘」殷敬順釋文：「帕，頭幧頭也。帕又作『鞨』，又作『帓』。」
40	仆	訓讀	踣	並德一入	beok	·仆，《說文》：「仆，頓也。从人、卜聲。」《釋名》：「仆，踣也，頓踣而前也。」「仆」本「卜」聲，在侯屋二部，本音芳遇切、敷救切、匹候切，與「踣」皆有“前跌”義，後因此訓讀｛踣｝，遂有蒲北切之音。
41	䁈	訓讀	覩	端模一上	toq	·䁈，《廣韻》：「梁公子名仉䁈。」《集韻》作「䀾」，爲訛字；《太平廣記》卷八十一引《梁四公記》：「仉䀾。(上掌下覩)」「䁈」本「啟」省聲、訓“視”，《說文》：「䁈，省視也。」《廣雅》：「䁈，視也。」當古切此讀與同訓的「覩」音同，而迥異于合乎形聲字形的異讀苦計切。此梁公子名，其義難稽，疑是由“視”義訓讀｛覩｝。
42	㦿𣓅	訓讀	槏	溪咸開二上	kheemq	·㦿，本「戶」之異體，《說文》：「㦿，古文戶从木。」段玉裁注：「从木而象其形。按此當是籒文加木。」「㦿」本記錄｛戶｝這個詞，「槏」也有“戶”義，《說文》：「槏，戶也。」，後「㦿」訓讀｛槏｝，《名義》：「㦿，口减反。窓。户字。」·𣓅，本「㦿(槏)」之異體，何以有“不安”之義待考。
43	存	訓讀		從魂合一平	dzon	·存，大徐本《說文》：「存，恤問也。从子，才聲。」小徐本作「從子，在省。」徐鍇曰：「在亦存也，會意。」上古諧聲無之、文部詞共用聲符之通例。段玉裁《注》從會意之說，似已見非聲；朱駿聲《通訓定聲》謂「孨」省聲，雖不可信，是亦不以「才」爲聲；王力早期所作《上古韻母系統研究》亦謂「才」聲可疑。清華簡六《子產》簡3：「此胃才亡才君。」又簡7、8：「又道樂才，亡道樂亡。」從傳世古書用語習慣看，與｛亡｝相對者爲｛存｝，「才亡才君」讀｛存亡在君｝。研究者多已指出《子產》文字有晉系色彩，是以略見晉系用字習慣以「才」爲｛存｝，與楚系常以「廌」爲｛存｝有別。郭店簡《成之聞之》簡35津梁之｛津｝作「⿰才廌」，研究者多謂「才」「廌」皆聲，是「才」讀文部音之一證。李守奎、王永昌分明之、文之二讀，略疑「才」乃一字二音（說見：《段玉裁古諧聲偏旁分部互用說的文字學觀察——兼論漢字中的“假形聲字”》），可參考。目前所見「存」字僅見於秦漢文字，睡虎地秦簡《爲吏之道》：「毋喜富，毋惡貧；正行脩身，過(禍)去福存。」句中「貧」似與「存」叶韻，則秦時「存」亦已讀文部詞。棗莊王寧謂「存」乃「才」「子」雙聲、本「在」之或體，後同義換讀爲｛存｝（說見：《清華簡〈祭公之顧命〉與〈逸周書·祭公〉對讀一則》）。又，學者多謂｛在｝｛存｝爲同源詞（見：王力《同源字典》、張富海《金文从宮从九之字補說》等），若然，上述二音乃自然之理。然之文二部韻尾有收喉、收舌之別，如何/是否同源尚待研究。
44	貪	訓讀	貪	透覃開一平	thom	·貪，本「今」KƏM聲字，據友人王睿哲說，「貪」本來應該記錄｛歁｝kʰˤəmʔ或｛欿｝ɡˤəmʔ，《方言》卷一：「楚謂之貪。南楚江湘之間謂之歁。」《廣雅·釋詁二》：「歁、欿，貪也。」後由“貪婪”義訓讀同義的｛貪｝l̥ˤəm，於是後世讀他含切。《說文》已載由訓讀音轉諧的「嗿」字。
45	頫	訓讀	俯	幫虞三上	puoq	·頫，本「兆」聲、音他弔切，由“低頭”義訓讀爲｛俯｝而產生方矩切之音。說見：黃生《字詁》、裘錫圭《文字學概要（修訂本）》。
46	𣢑	訓讀	𣢇	曉之開三平	hy	·𣢑，《說文》：「𣢑𣢑，戲笑皃。从欠、之聲。」原本《玉篇》：「欪，充之反。《說文》：『欪欪，戲咲皇也。』今爲蚩字，在虫部。」這個詞又作「蚩」、「嗤」，本讀昌母。古漢語｛㰝｝亦有“笑”義，《廣雅·釋詁一》：「㰝，笑也。」該詞與同訓“笑”的｛咍｝同源。「𣢑」後訓讀｛㰝｝，遂有許其切之音。
47	衋	訓讀	譆	曉職開三入	hyk	·衋，《說文》：「衋，傷痛也。从血、聿，皕聲。《周書》曰：『民罔不衋傷心。』[讀若憘(譆)。]」今本《尚書·酒誥》同。《名義》許力反；《玉篇》許力切；《王三》許力反；《裴韻》許力反；《廣韻》許極切。從古文字材料看，《說文》所謂「皕聲」不可從，此字蓋二「自」聲，古音在精組脂質部附近（參考：黃傑《據楚簡說金文及〈酒誥〉“衋”字》），本當記錄訓“痛”之｛疾｝。以《說文》以「衋」爲「皕」聲考之，許慎已讀職部音，是音取自訓“痛”之｛譆｝的同源詞。《說文》：「譆，痛也。」
48	䚙	訓讀	𣟵	曉支開三B平	hye	·䚙，本音況袁切，此音蓋訓讀｛𣟵｝。
49	眴	訓讀	瞤	日真合三平	njwin	
50	眴	訓讀	瞬	書真合三去	sjwinh	·眴，「旬」聲之「眴」本音相倫切、許縣切、黃練切，如勻切之音蓋訓讀｛瞤｝而得、舒閏切之音蓋訓讀｛瞬｝而得。
51	汛	訓讀	灑	生佳開二去	sreeh	·汛，此字本「卂」聲，音息晉切、蘇佃切，與「灑」同義，《說文》：「汛，灑也。」後遂由“灑水”義訓讀｛灑｝。
52	鷣	訓讀	鷂	以宵開三去	jiewh	·鷣，「覃」聲，本餘針切，《爾雅·釋鳥》：「鷣，負雀。」郭璞注：「鷣，鷂也，江東呼之爲鷣。」訓讀爲｛鷂｝，遂有弋照切之音。
53	摣	訓讀	拏	孃麻開二平	nrae	·摣，取也，又作「抯」，訓讀｛拏｝。說見：蔡夢麒、夏能權《〈王韻〉〈廣韻〉反切注音比較研究》P188。
54	黰	訓讀	黫	影山開二平	qeen	·黰，黑色，本音章忍切，由“黑”義訓讀爲｛黫｝。
55	臸	訓讀	之	章之開三平	tjy	·臸，《說文》：「臸，到也。从二至。」本音人質切、訓“到”；「之」亦有“至”“到”義；《毛詩·鄘風·柏舟》「之死矢靡它」毛傳：「之，至也。」「臸」後同義訓讀｛之｝，有止而切之音。
56	篧	訓讀	𥷮	莊覺二入	tsroeuk	·篧，捕魚用的罩，又作「籱」、「籗」。《爾雅·釋器》：「篧，謂之罩。」郭璞注：「篧，捕魚籠也。」陸德明釋文：「篧，郭七角反。又捉、廓二音。」《說文·竹部》：「籱，罩魚者也。从竹、靃聲。籗，籱或省。」此字古多音，來源不同：《名義》苦郭反；《玉篇》苦郭、陟角二切，又仕角切；《廣雅音註》苦郭反；大徐本《說文》竹角切；《廣韻》士角、側角、苦郭三切；小徐本《說文》輟角反。按：諸字韻書及音義書之反切或直音並不完全同音或音近，以聲母別之，有：牙音（廓=苦郭）、舌音（陟角=竹角=輟角）、齒音（七角、捉=側角、仕角=士角）三類：①牙音之音*kʰwˤak與「靃」聲（或「靃」省聲）相合、與「隺」聲不合，故當以「籱」「籗」爲正、《說文》是也，「篧」爲「籗」之訛字（也有音近的原因）；②舌音之音乃訓讀｛罩/䈇｝*trˤauk所得，「罩」有覺韻異讀，《經典釋文》引《字林》：「罩，竹卓反。」③齒音之音乃訓讀｛𥷮｝*tsrˤauk所得，《廣雅·釋器》：「𥷮，䈇也。」曹憲音註：「𥷮，音捉。」這類詞是｛罺｝*tsʰrˤau的同源詞。
57	篧	訓讀	𥷮	崇覺二入	dzroeuk	·篧，見側角切之「篧」。
58	厜	訓讀	嵯	精支合三平	tswie	·厜，「厜」本「垂」聲字，不當入中古精組。「厜」本音常母合口支韻，「厜㕒」義爲“山巔”，《說文》：「厜㕒，山顚也。」與「嵯峨」意義相關聯而混作，遂將「厜」訓讀｛嵯｝（字又作「嵳」、「𠪉」），有中古精母姊規反之音。《爾雅·釋山》：「崒者厜㕒。」陸德明釋文：「厜，姊規反；郭才規反；《字林》同顧，視規反；本或作𠪉，又作嵳，皆才何反。」
59	揣㪜	訓讀		初支合三上	tsrhueq	·揣、㪜，「揣」「㪜」皆「耑」聲字，中古初母音與諧聲不合。「揣」「㪜」本當讀端章組音，上古與｛挆｝同源，《廣雅·釋詁三》：「挆，量也。」後由“度量”義訓讀初母詞（該詞與｛銓｝同源）。
60	沴	訓讀	戾	來齊開四去	lejh	·沴，《說文》：「沴，水不利也。从水㐱聲。《五行傳》曰：『若其沴作。』」段玉裁注：「郎計切。按『㐱』聲本音當在十二部，鄭訓『沴』爲『殄』是也。今音郎計者，依如淳音拂戾之『戾』也。」《漢書·五行志》：「唯金沴木。」顏師古注：「服虔曰：『沴，害也。』如淳曰：『沴音拂戾之戾，義亦同。』」是「沴」本讀｛殄｝，訓讀｛戾｝而音郎計切。
61	院	訓讀	垣	云仙合三B去	uenh	·院，《說文》：「寏，周垣也。从宀，奐聲。院，寏或从𨸏。」「完」聲字不當入中古云母，此音蓋讀爲｛寏｝，與｛垣｝是同源詞。
62	摷	訓讀	撩	來蕭開四平	lew	·摷，疑「摷」本讀莊組，與｛鈔｝音義相近，有“取”義。早期字書由是訓讀義近之｛撩｝（《名義》：「摷，力刀反。取也。」可猜測顧野王《玉篇》即如此讀），可考：鄭妞《“同義換讀”現象在上古音研究中的作用》。《切韻》系韻書收“取”義訓讀音，配以別訓“擊”義。
63	𠟪	訓讀	接	清葉開三入	tshiep	·𠟪，《方言》：「䌪、𠟪，續也。秦晉續折謂之𢸴，繩索謂之𠟪。」郭璞注：「𠟪，音妾。」七接切之音本自郭璞注「音妾」，此音義與同訓之｛接｝同源，蓋由“接續”訓讀所得。《廣雅·釋詁二》：「接，續也。」
64	䯂	訓讀	甡	生臻開三平	sryin	·䯂，見仕戢切之「䯂」。
65	蜼	訓讀	貁	以尤三去	juh	·蜼，《說文》：「蜼，如母猴，卬鼻，長尾。从虫，隹聲。」段玉裁注：「又音余救切。皆土俗輕重不同耳。左思《吴都賦》劉注引《異物志》說狖、與郭說蜼同。狖，余幼切，正因蜼有余救一切而别製字耳。」其說非是。「狖」「蜼」本兩字，所指相同，《廣雅》：「狖，蜼也。」「蜼」訓讀｛貁｝而音余救切。
66	滷	訓讀	斥	昌昔開三入	tjhiaek	·滷，「鹵」聲不當音中古昌石切，是由訓讀同義的｛斥｝。說見：鄭妞《“同義換讀”現象在上古音研究中的作用》。
67	䓵	訓讀	敷	滂虞三平	phuo	·䓵，《文選·左思〈吳都賦〉》：「異荂蓲蘛，夏曄冬蒨。」劉逵注：「荂，榮也。蓲，華也。敷蘛，華開皃。」李善注：「《爾雅》曰：『蕍，榮也。』郭璞注：『蕍猶敷蕍，亦草之皃也。』蘛與蕍同，蓲與敷同。」疑此「䓵」乃「蓲」之省形，爲「區」聲字、本讀影母，訓讀｛芣｝（該詞又作「敷」），乃有芳無切之音。
68	菆	訓讀	欑	從寒合一平	dzwan	·菆，古「叢」字。由於「菆(叢)」「欑」義近，《禮記·喪大記》「欑至于上」鄭玄注：「欑，猶菆也。」故後將「菆」訓讀爲｛欑｝，有在丸切之音。
69	魄	訓讀	託	透鐸開一入	thak	·魄，「落魄」，貧無家業。《廣韻》他各切：「魄，落魄，貧無家業。出《史記》。本音拍。」《史記》「家貧落魄」裴駰集解：「應劭曰：『落魄，志行衰惡之貌也。』晉灼曰：『落薄，落託，義同也。』」司馬貞索隱：「鄭氏云：『魄音薄。』」
70	貰	訓讀	賖	船麻開三去	zjiaeh	·貰，《說文》：「貰，貸也。从貝，世聲。」段玉裁注：「神夜切。按古音在五部。《聲類》、《字林》、鄒誕生皆音勢，劉昌宗《周禮音》乃讀時夜反。」北大漢簡《蒼頡篇》簡32「貰捈（賖）」連言；《廣雅》：「貰，賖也。」以「賖」釋「貰」，則｛貰｝｛賖｝二詞之不同甚明。中古神夜切禡韻讀法與「世」聲字形不合、然「余」相合之，是「貰」本音舒制切，自劉昌宗《周禮音》訓讀｛賖｝、乃讀神夜切也，顏師古《匡謬正俗》卷七已論之。
71	仉𤓯	附會	掌	章陽開三上	tjyangq	·仉，「𤓯」之訛字。《廣韻》：「仉，姓，梁公子仉䁈後也。」《太平廣記》卷八十一引《梁四公記》：「仉䀾。(上掌下覩)」·𤓯，《說文》：「𤓯，亦丮也。从反爪。闕。」段玉裁注：「闕。謂闕其音也。其義其形皆可知，而其讀不傳。故曰闕。後人肊爲說曰諸兩切，葢以覆手反之卽是『掌』也。」其音本缺，後人附會｛掌｝之音。
72	卝	附會	磺	匣庚合二上	ghwaengq	·卝，《說文》：「磺，銅鐵樸石也。从石、黃聲。讀若穬。 卝，古文礦。《周禮》有『卝人』。」段玉裁注：「《周禮》有『卝人』。按《周禮》鄭注云：『卝之言礦也。』賈疏云：『經所云卝，是總角之卝字。此官取金玉於卝字無所用，故轉從石邊廣之字。』語甚明析。『卝之言礦。』卝非磺字也。」「卝」本非「磺」字，後由《周禮》鄭注附會｛礦｝之音。
73	𥝌	附會	礙	疑咍開一去	ngeojh	·𥝌，《說文》：「𥝌，木之曲頭止不能上也。」許意“稽止”，附會有｛礙｝之音，遂有此五漑切之音。
74	𠓗婏	附會	䞯	滂虞三去	phuoh	·𠓗，《說文》：「𠓗，疾也。从三兔。闕。」《說文·兔部》：「𠓗，疾也。从三兔。闕。」《說文》缺音，訓“疾”亦不知何據（又《說文》：「婏，疾也。」）《名義》孚勾反、《廣韻》芳遇切蓋據“疾”附會以｛䞯｝而得。從出土材料看，戰國楚簡中有一個讀音在*ɁON(合口元部影母)附近的「𠓗」字，不知與《說文》之字是否有源流上的關係。其形體應該來源於「夗」*ʔo[n]ʔ。由於一些戰國文字中的「夗」或訛變似「兔」形，故作三重以別於「兔」，即作「𠓗」；或作二重；或又省爲一「兔」（後以爲「冤」*ʔon的聲符）。·婏，《說文》：「兔子也。婏，疾也。从女、兔。」段玉裁注：「芳萬切。十四部。按《爾雅音義》匹萬反、又匹附反。恐當前一音爲是，後一音非。」
75	㚖	附會	斥	昌昔開三入	tjhiaek	·㚖，見古老切之「㚖」。
76	䇂	附會	愆	溪仙開三B平	khyen	·䇂，《說文》：「䇂，辠也。从干、𠄞。𠄞，古文上字。凡䇂之屬皆从䇂。讀若愆。張林說。」以《說文·口部》：「𠱫：語相訶歫也。从口歫䇂。䇂，惡聲也。讀若櫱。」與古文字材料對觀，《說文》之「䇂」當來源於古文字「𬔖」。古文字「𬔖」音在疑組月部或以組之部，許慎不讀此音，故許慎解「𠱫」以會意；所讀元部音於古文字材料無徵（論者或據以分析「𬅵(噬)」字爲「䇂」聲，非），來源恐不古，蓋《說文》系統析「童」「妾」从「䇂」，思及有“罪過”義，因附會有｛愆｝之音義。
77	𠦒	附會	籓	幫寒一平	pan	·𠦒，《說文》：「𠦒，箕屬。所以推棄之器也。象形。凡𠦒之屬皆从𠦒。官溥說。」古文字「𠦒」爲｛畢｝之初文，爲網形，本當與「畢」同音義，後與「糞」、「棄」中的箕形混同。東漢許慎《說文》誤將兩個來源不同的部件混爲一談，誤以「𠦒」爲箕屬。中古北潘切之音蓋據“箕屬”義附會｛籓｝之音所得。《說文》：「籓，大箕也。」
78	歺	附會	枿櫱	疑末開一入	ngat	·歺，裘錫圭先生以爲「歺」象一種歧頭的鏟臿類掘土工具（說見：裘錫圭《豳公盨銘文考釋》），其說可從。《說文·歺部》：「歺，列骨之殘也。」許慎謂「歺」爲殘骨之形、傳世音五割切，皆源自《說文》系統析「𣦼」「死」字从「歺」，以爲有“殘”義，遂附會“餘孽”之｛枿/櫱｝的音義（亦與「列」古音在月部呼應）。
79	𠂆丿	附會	抴	以祭開三去	jiejh	·𠂆，《說文·𠂆部》：「𠂆，抴也。明也。象抴引之形。凡𠂆之屬皆从𠂆。虒字从此。」又《虎部》：「虒，委虒，虎之有角者也。从虎、𠂆聲。」其分析於古文字材料不合。「虒」作虎前著一曲筆之形，表示虎啼，是｛嗁｝的表意字（說見：《長沙馬王堆漢墓簡帛集成》第6冊180頁引裘錫圭說。）。《說文》之「𠂆」當自「虒」上剝離、附會音近之｛抴｝（其形義亦與作一筆而說爲「引而上行」、「引而下行」之「丨」在《說文》系統中呼應）而來，後世襲之。
80	吅	附會	訟	邪鍾三去	zuongh	·吅，此讀爲｛訟｝。
81	匚	附會	方	幫陽三平	puang	·匚，《說文》：「匚，受物之器。象形。凡匚之屬皆从匚。讀若方。𠥓，籀文匚。」徐鍇曰：「正三方也。」「匚」蓋漢人自「匡」中剝離出，附會｛方｝*paŋ之音（「方曰筐」乃熟訓），遂有此音，不古。沙加爾《上古漢語詞根》及其後白-沙《上古漢語新構擬》以「匠」爲「匚」聲，謬。
82	圣	附會	搰	溪沒合一入	khot	·圣，《說文》：「圣，汝潁之閒謂致力於地曰圣。从土从又。讀若兔窟。」《說文》謂「圣」讀若兔窟之「窟」，中古即據此而音苦骨切。然「圣」聲之「怪」「𡌪」無疑當歸之部。古書屢見「怪」之韻段，如：《楚辭·九章·懷沙》叶「怪、態」；《遠遊》叶「怪、來」；《招䰟》叶「怪、備、代」；《淮南子·說山》叶「事、怪」等，其例不勝枚舉，無不叶之部去聲（或職部次入）。《說文》：「𡌪，大也。」徐鍇曰：「此或音爲恢也。」段玉裁注：「與恢音義皆同。」朱駿聲通訓定聲：「與恢略同。」古漢語云組之蒸部WƏ[,Ŋ]有一個表示“大”“多”的詞族，其詞如｛尤｝*wə、｛弘｝*wˤəŋ、｛宏｝*wrˤəŋ等，｛𡌪｝亦其一。「怪」「𡌪」自清人以來皆歸於之部，是也，鄭張以其聲符「圣」之傳世音歸物部反非。北大漢簡二《老子》：「天罔(網)怪₌，疏而不失。100」簡文作「怪」者對讀王弼本《老子》作「恢」，是亦歸「圣」於之部之證。「圣」既歸於上古之部，適與「又」WƏ聲密合，可見「圣」當分析爲从「土」、「又」聲。古文字「圣」當在之部，與許音迥異，《說文》讀若「窟」，蓋漢人附會之讀耳。揆其音義，所附之詞即｛搰｝。《莊子·天地》：「搰搰然用力甚多而見功寡。」陸德明釋文：「搰搰，苦骨反，徐、李苦滑反，郭忽滑反，用力貌。一音胡沒反。」
83	瘓	雙聲聯緜同化		透寒合一上	thwanq	·瘓，「痶瘓」，中古透母雙聲詞，病。《廣韻》：「痶瘓，病也。」吐緩切之聲母與「奐」聲不合，蓋由「痶瘓」聯緜同化爲雙聲。
84	𥪂	雙聲聯緜同化		來葉開三入	liep	·𥪂，「𥪂䇔」，中古來母雙聲詞，行不正。《名義》力匧反；《玉篇》力涉切；《廣韻》良涉切。
85	砢	雙聲聯緜同化		來歌開一上	laq	·砢，「磊砢」，中古來母雙聲詞，野累石皃。《說文》：「砢，磊砢也。」原本《玉篇》引《說文》：「磊砢也。野累石之皀也。」
86	殕	雙聲聯緜同化		影德開一入	qeok	·殕，「殪殕」，中古影母雙聲詞。《廣韻》：「殕，殪殕。〔愛黑切〕」
87	毸	疊韻聯緜同化		心灰合一平	soj	·毸，「毰毸」，中古灰韻疊韻詞，鳳舞。《說見：鄭張尚芳《上古音系》、孫玉文《諧聲系列與上古音》。
88	邯	疊韻聯緜同化		匣寒開一平	ghan	·邯，「邯鄲」，戰國時期趙國都城，戰國材料作「甘丹」、「甘單」等，原爲*-m尾谈部，後連綿同化爲寒韻。也可能是韻尾被後字「鄲」*tˤan的聲母部位同化爲*-n，遂轉入寒韻。
89	蜱	疊韻聯緜同化		明宵三A平	miew	·蜱，「蜱蛸」，中古宵韻疊韻詞，蟲名。《廣韻》：「蜱，蟲名。彌遙切。五。」「蜱」本當入中古支韻，被連綿同化後，韻母讀如「蛸」，遂又寫作「螵」字。
90	𠋧	疊韻聯緜同化		溪歌開三平	khya	·𠋧，「𠏃𠋧」，中古戈韻疊韻詞，癡皃。《廣韻》：「𠋧，𠏃𠋧。〔丘伽切〕」又：「𠏃，𠏃𠋧，癡皃。出《釋典》。〔於靴切〕」
91	硱	疊韻聯緜同化		溪蒸開三平	khyng	·硱，「硱磳」，中古蒸韻疊韻詞，石皃。《廣韻》：「硱磳，石皃。綺兢切，又苦本切。一。」
92	郲𨻌	疊韻聯緜同化		來灰合一上	lojq	·郲，「𨝀郲」，中古賄韻疊韻詞，不平。《廣韻》：「𨝀郲，不平。」
93	椏	疊韻聯緜同化		影歌開一上	qaq	·椏，「㰁椏」，中古哿韻疊韻詞，樹斜。《廣韻》：「㰁椏，樹斜。」
94	䩃	疊韻聯緜同化		常支開三去	djieh	·䩃，「䩃𩈭」，中古寘韻疊韻詞，面皃。《廣韻》：「䩃𩈭，面皃。出《新字林》。」
95	䤅	疊韻聯緜同化		定模一平	do	·䤅，本當音度侯切，由「𨡭䤅」聯緜同化而讀模韻。說見孫玉文。
96	𧇠	疊韻聯緜同化		疑宵開三B去	ngyewh	·𧇠，「𠿕𧇠」，中古笑韻疊韻詞，不安。《玉篇》：「𧇠，牛召切。𠿕𧇠。」
97	𣤶	疊韻聯緜同化		精合開一入	tsop	·𣤶，「𣤶𣣴」，中古合韻疊韻詞。《廣韻》：「𣤶，𣤶𣣴聲。」原本《玉篇》子合、才陸二反；《名義》子合反；《玉篇》子合、才六二切；《王三》子荅、子六二反；《廣韻》子荅、子六、才六三切。
98	硦	疊韻聯緜同化		來鐸合一入	lwak	·硦，「𥕖硦」，中古鐸韻疊韻詞，石聲。《廣韻》：「𥕖硦，石聲。盧穫切。𥕖，音廓。一。」說見：孫玉文《諧聲系列與上古音》。
99	䭓	疊韻聯緜同化		疑痕開一去	ngeonh	·䭓，「䭡䭓」，中古恨韻疊韻詞，飽也。《方言》：「餥、飵，食也…秦晉之際河陰之閒曰䭡䭓。」郭璞注：「䭡，惡恨反；䭓，五恨反。今關西人呼食欲飽爲䭡䭓。」
100	㱡	疊韻聯緜同化		生蒸開三平	sryng	·㱡，「殑㱡」，中古蒸韻疊韻詞，掣缩。
101	㱡	疊韻聯緜同化		生蒸開三上	sryngq	
102	⿰帚召	待考		常宵開三平	djiew	·𢃳，大徐本《說文》：「𢃳，𢱧擊也。从巴、帚，闕。〔博下切〕」小徐本《說文》：「𢃳，𢱧擊也。從巴，帚聲。〔補寫反〕」段玉裁《說文解字注》：「𢱧者、反手擊也。今之琵琶、古當作𢱧𢃳。从巴、帚。闕。闕者、闕其會意、形聲之說也。大徐博下切。按此字當是从帚、巴聲。」或作「⿰帚召」，待考。
103	𩦠	待考		並陽三上	buangq	·𩦠，邵思《姓解·馬》：「𩦠，毗養切。馳，二氏並出《姓苑》。」鄭樵《通志·氏族略第五》：「𩦠氏，畧養反。見《姓苑》。」友人unt懷疑有早期切語的下字本作「霄」、被誤認爲「兩」，而後諸書讀毗養切。
104	𠓗	待考		滂陌二入	phaek	
105	勽	待考		明文三上	munq	·勽，《說文》：「勽，覆也。从勹覆人。」段玉裁注：「此當爲抱子、抱孫之正字。今俗作抱、乃或捊字也。」
106	䋢	待考		幫屑四入	pet	·䋢，見普蔑切之「䋢」。
107	䋢	待考		滂屑四入	phet	·䋢，《說文》：「䋢，扁緒也，一曰弩𦝫鉤帶。从糸、折聲。」其聲韻與「折」聲字形不合，而音義與「䌘」同。待考。
108	猜	待考		清咍開一平	tsheoj	·猜，觀其形似「青」聲，然其字所記錄之諸多詞古音皆在之部，可怪，待考。
109	㞥	待考		崇侵開三平	dzryim	·㞥，《說文》：「㞥，入山之深也。从山从入。闕。」段玉裁注：「此『闕』謂闕其音讀也。大徐鉏箴切，《篇》、《韵》同，乃後人強爲之音。以其字似岑，因謂音岑耳。」傳世此字皆出《說文》，許慎所據來源不明。所謂「入山」乃解「从山从入」之形，要在「深」，許音蓋亦在侵部。待考。
110	𢽝	待考		崇咸開二平	dzreem	·𢽝，構形不明。《廣韻》：「𢽝，鳥𢽝物也。」
111	蕆	待考		徹仙開三上	trhienq	·蕆，構形不明。《方言》：「蕆，解也。」又：「蕆，備也。」《廣雅》：「蕆，敕也。」《說文新附》：「蕆：《左氏傳》：『以蕆陳事。』杜預注云：『蕆，敕也。』从艸，未詳。」
112	巐	待考		徹宵開三上	trhiewq	·巐，構形不明。《廣韻》：「巐，意氣息皃。丑小切。一。」《玉篇》：「巐，丑小切。山皃。」
113	浾	待考		莊麻開二平	tsrae	·浾，棠汁。《說文》：「浾，䞓，棠棗之汁，或从水。泟，浾或从正。」段玉裁注：「棠棗之汁也。从赤水。各本轉寫舛誤。今正。浾與䞓音雖同而義異。別爲一字。非卽䞓字也。棠棗汁皆赤。故从赤水會意。勅貞切。十一部。」《名義》子承反；《玉篇》側加切；《王三》側加反；《廣韻》側加切。其音待考。
114	靗	待考		徹清開三去	trhiaengh	·靗，覗也，爲「偵」之異體，《名義》、《玉篇》作「𩇜」，《集韻》又作「竀」。「青」「光」「先」等部件作聲符皆與其聲韻不合，未詳。
115	𢜳	待考		昌祭開三去	tjhiejh	·𢜳，《說文》：「𢜳，小怒也。从心、壴聲。」段玉裁注：「充世切。按《廣韵》『𢜳』在十三祭。引《說文》『小怒也』，尺制切；『㤱』在四十四有、四十九宥，『小怒也。』芳否、敷救二切。《集韵》則祭韵有『𢜳』；有韵『𢜳』『㥉』二同，匹九切。《類篇》從之而無『㤱』字。葢『㤱』『𢜳』『㥉』三字同。以《說文》『咅』或作『㰯』及《說文》『侸』字《廣韵》作『𢜳』求之，定爲一字異體。古音『𢜳』『尌』『樹』『豎』皆讀近『受』。『𢜳』斷不讀充世切也。」《名義》：「㤱，充分反。小怒也。」
116	㤱	待考		滂尤三上	phuq	
117	㤱	待考		滂尤三去	phuh	
118	㗙㑳	待考		孃洽開二入	nreep	·㗙、㑳，「喢㗙」，又作「偛㑳」，中古洽韻疊韻詞，小人皃。爲一詞異體。「㑳」又《廣韻》：「㑳，《纂文》云：『偛㑳，小人皃。』莊俱切。偛側洽切。二。」
119	歜	待考		從覃開一上	dzomq	·歜，「𣤶」之訛字。顧炎武《日知錄》：「今考顧氏《玉篇》有『𣤶』字，『徂敢切，昌蒲俎也。』然則《傳》之『昌𣤶』正合此字，而唐人已誤作『歜』。」說又可參王引之《經義述聞》卷十七「昌歜」條。「𣤶」之左旁或省作「黽」，與「蜀」的俗體「⿱罒虫」相混，遂訛作「歜」。「歜」所記錄的詞當與「䰼」同。原本《玉篇》：「𣤺，又音徂感反。《左氏傳》：『響有昌歜白黑形塩。』杜預曰：『蒲葅也。』鮓名『⿰黽欠』，《說文》為『魚』字，在魚部。」其徂感切之音與「歜」「𣤶」字形皆不合，蘇芃疑其「𣤶」本或从「冘」，「欠」是「冘」之譌（說見：蘇芃《〈左傳〉“昌歜”補正》），未詳。
120	𦂀	待考		定合開一入	dop	·𦂀，《廣韻》：「𦂀子絹。出《字林》。」
121	鐺	待考		初庚開二平	tsrhaeng	·鐺，「鎗」之俗字。《廣韻》：「鐺，俗〔鎗〕。本音當。」
122	𠂼	待考		定添開四上	demq	·𠂼，構形待考，可能是門鍵之象形。《新撰字鏡》：「𠂼，地點反。門鍵曰𠂼。橝同。」
123	𤬪	待考		溪覃開一平	khom	·𤬪，與徒古切、「土」聲之「𤬪」音義皆異，當爲同形字。
124	犿	待考		曉寒合一平	hwan	·犿，又作「獾」。
125	妋	待考		影尤三平	qu	·妋，《廣韻》：「妋，鼻目閒恨。〔於求切〕」
126	焸	待考		見模一上	koq	·焸，《廣韻》：「焸，人名，出《漢書》。」《漢書》無此字，待考。
127	嫢	待考		匣先開四上	ghenq	·嫢，《說文》：「嫢，媞也。从女，規聲。讀若癸。秦晉謂細爲嫢。」《廣韻》姊宜(規)、求癸(又聚惟切)、胡典三切。胡典切與「規」聲字形不合；疑與「娊」字音混。
128	𠄔	待考		匣蕭開四上	ghewq	·𠄔，同「幻」。《說文》：「𠄔，相詐惑也。从反予。《周書》曰：『無或譸張爲幻。』」《廣韻》：「《修續譜》云：『相誑也。』《玉篇》音患。」胡了切未詳。
129	𤜡	待考		匣灰合一平	ghoj	·𤜡，《集韻》作「𨛤」。
130	𢳚𣘖	待考		見元開三平	kyon	·𢳚、𣘖，古代博戲名，然居言切之韻母與「梟」聲不諧。又作「鞬」，《南史·卞彬傳》：「擲五木子，十擲輒鞬。」《玄應音義》卷十三「鞬橛」注：「冝作𢳚，建言反。《文字集[略]》云：『𢳚，樗蒱采名也。』」未詳。
131	杰	待考		羣薛開三B入	gyet	·杰，《廣韻》：「梁四公子名𩆊⿱术灬也。」《太平廣記》卷八十一引《梁四公記》：「䨲杰。(上萬下傑)」待考。
132	䟌	待考		見質開三A入	kit	·䟌，《廣韻》：「䟌，走意。〔居質切〕」居質切之聲韻與「截」聲字形不合，待考。
133	𦎷	待考		精真開三去	tsinh	·𦎷，《說文》：「𦎷，羊名。从羊、執聲。汝南平輿有𦎷亭。讀若晉。」段玉裁注：「《春秋》「蔡滅沈」杜預、司馬昭皆云：『平輿有沈亭。』疑沈亭卽𦎷亭也。𦎷从執聲。執與沈皆七部字也。讀若晉之晉疑有誤。」
134	𦺖	待考		明刪二上	maenq	·𦺖，菜名。《廣雅》：「𦺖子，菜也。」《名義》九出反；《玉篇》九出切；《新撰字鏡》居蜜反；《廣雅音註》音橘；《王三》武板、居蜜二反；《廣韻》武板、居聿二切；《集韻》母版、厥律、譎律三切。武板切之聲韻皆與「矞」聲字形不合，待考。
135	捔	待考		崇覺二入	dzroeuk	·捔，又作「𧣀」。其音與「角」聲不合，而與「𧢼」同音，待考。
136	䐘	待考		羣藥開三入	gyak	·䐘，《王三》：「䁔，大𥬇。〔其虐反〕」《廣韻》：「䐘䐘，大笑也。〔其虐切〕」《集韻》：「䐘，牛舌。〔極虐切〕」其音與「爰」聲字形不合，《王三》作「䁔」，《集韻》注「牛舌」，形音義皆待考。
137	䍍	待考		幫尤三平	pu	·䍍，未燒瓦器。《說文》：「䍍，未燒瓦器也。从缶、𣪊聲。读若筩莩。」《名義》無尤反；《玉篇》苦谷切；《王三》匹尤、空谷二反；《廣韻》甫鳩、苦候、空谷三切。《說文》謂其「𣪊」聲，是上古聲母當在見系，中古溪母讀法與之相合；又「读若筩莩」之「莩」，段玉裁注：「莩音孚。則䍍亦音孚。」是聲母在幫組，考其音義，當與｛坏｝同源，《說文》：「坏，瓦未燒。」見、幫兩母斷不可通，疑此幫組之音蓋爲「坏」所有，「䍍」與之同義遂訓讀有幫組音。《集韻》：「䍍，瓦器未燒。或作『坏』。」待考。
138	謉	待考		端灰合一上	tojq	·謉，謔言，《廣韻》：「謉諢，謔言。出《聲譜》。〔都罪切〕」《集韻》：「謉，啍謉，謔言。〔虎猥切〕」疑「謉」本當如《集韻》讀虎猥切，「啍謉」又作「謉諢」是或以「謉」爲前字，遂換讀｛啍｝之音。然《集韻》字形未必可信，待考。
139	蠡	待考		來歌合一平	lwa	·蠡，《廣韻》「蠡，瓠瓢也。又禮、鹿二音。」“瓠瓢”爲｛盠｝之義，「盠」在《廣韻》齊韻。
140	帘	待考		崇臻開三平	dzryin	
141	帘	待考		來鹽開三平	liem	
142	𦓤	待考		來薛合三入	lwiet	
143	𥸸夨	待考		來屑開四入	let	·𥸸，《名義》力結反；《玉篇》力結切；《新撰字鏡》練結反；《王三》練結反；《裴韻》練結反；《廣韻》練結切。練結切之聲母與「米」聲字形不合待考。·夨，應視爲「𥸸」省形。
144	㼲	待考		來葉開三入	liep	·㼲，《說文》：「㼲，蹈瓦聲[㼲㼲也]。从瓦、耎聲。」段玉裁注：「大徐無『㼲㼲也』三字；小徐作『蹈瓦㼲也』；玄應作『蹈瓦聲躐躐也』。今按『躐躐』當作『㼲㼲』。《通俗文》：『瓦破聲曰㼲。』《玉篇》：『㼲㼲，蹋瓦聲。』」《名義》力頰反；《玉篇》力頰切；《新撰字鏡》力頰反；《王三》盧協反；《裴韻》盧協反；《廣韻》良涉、盧協二切；《集韻》力協切。諸書反切聲韻與「耎」聲字形皆不合，而與「躐」同，待考。
145	灵	待考		來青開四平	leng	·灵，《廣韻》：「灵，《字類》云：『小熱皃。』」構形不明。《正字通·火部》：「灵，譌字。舊註訓同㶣，改音陵，誤。又俗靈字，省作灵，非。」許學仁以爲「从火、从又。又，手也。手可執持，則爲小熱，意指微温。」（說見：許學仁《漢字形體研究斷鏈管窺》）。未詳。
146	睰	待考		明黠二入	meet	·睰，《廣韻》：「睰，視睰。〔莫八切〕」或爲「䀣」之字。
147	㛧𩛎	待考		明談一上	mamq	
148	蔄	待考		來侯一去	louh	·蔄，姓也。《名義》亡莧反；《玉篇》方莧切；《王三》莫莧、盧候二反；《廣韻》亡莧、盧候二切；《集韻》萌莧、郎豆二切。盧候切之聲韻與「問」聲字形不合，待考。
149	㫘	待考		明質三B入	myit	·㫘，《說文》：「㫘，不見也。从日，否省聲。」段玉裁注：「其音云『否省聲』。則與自來相傳密音不合。且何不云『不聲也』。以理求之，當爲『不日也。从不日。』《王風》曰：『不日不月。』謂不知其旋反之何日何月。卽上章之不知其期也。《大雅》：『不日成之。』箋云：『不設期日。』今俗謂不遠而不定何日亦曰不日。卽形卽義許書有此例，如『止戈爲武』、『日見爲晛』是也。其音美畢切者，葢謂遠不可期則讀如蔑；近不可期則讀如密也。」待考。
150	𢄏	待考		明德一入	meok	
151	䆨	待考		泥青開四平	neng	·䆨，構形不明。《名義》：「𥧤，如庭反。大也、遠也、顛辭也、寧也。」《玉篇》：「𥧤，奴丁切。大也、明也。」《廣韻》：「䆨，天也。〔奴丁切〕」《集韻》：「𡫃，昊天謂之𡫃。〔囊丁切〕」
152	黁	待考		泥魂合一平	non	·黁，《王三》奴昆反：「黁，…晉有□」《廣韻》奴昆切：「黁，香也。亦人名。姚興太史令郭黁。奴昆切。一。」晉人郭黁，北魏崔鴻《十六國春秋》卷八十四《後涼錄四》、《晉書》卷九十五《藝術列傳》等作「郭黁」，徐鍇《說文繫傳》「𤯌」（段注本改作「𤯍」）字下曰「《晉書》有郭𤯌」。楊琳認爲此「黁」乃「𤯍」之誤，並謂唐代出現的「溫黁」最初也應作「溫𤯍」、爲同義連文，訓「香」乃望形生訓，說見：楊琳《〈二十四史〉訛誤辨正六則》第三則（《第七屆文獻語言學國際學術論壇論文集（下冊）》）。其說頗可參看，唯奴昆反之音未得解。
153	𠙶	待考		影侯一上	qouq	·𠙶，《廣韻》：「𠙶，山名，在溧陽縣。」
154	𨋐	待考		滂黠二入	pheet	·𨋐，《廣韻》：「𨋐，車破聲。〔普八切〕」待考。
155	咅	待考		透侯一去	thouh	·咅，《說文》：「咅，相與語，唾而不受也。从丶从否，否亦聲。㰯，咅或从豆从欠。」段玉裁改「否亦聲」爲「丶亦聲」。一般認爲「咅」爲「否」之變體，上部多一橫爲飾筆。按說「豆」聲的「㰯」確實不可能與「不」聲的「咅」爲一詞之異體，待考。
156	嘁	待考		精合開一入	tsop	·嘁，「𣤶」之異體，《廣韻》：「歍嘁。」《說文》作「歍𣤶」。見子荅切之「𣤶」。
157	𠁭	待考		羣支開三A平	gie	·𠁭，也許是「𢏝」之變體。
158	蟗	待考		清尤三平	tshu	·蟗，構形不明，疑形體來源於「𧕰」之訛變，然讀音聲母不匹，待考。《爾雅》「次蟗，䵹鼄。」陸德明釋文：「蟗，本或作蝵。」段玉裁《說文解字注》「蠿」字下：「䵹鼄、鼄蟊也。一物三名。《釋蟲》曰：『次𧕰、䵹鼄。䵹鼄、鼄蝥。』按次𧕰卽許之蠿蟊，鼄蝥卽許之鼄蟊也。次古音同漆，故與蠿音近；𧕰縛牟切，故與蟊音近。《爾雅》字譌『蟗』，而《釋文》云：『或作蝵。郭音秋。』葢誤甚矣。或曰：『蟗从出聲。卽郭注之蝃字。集韵之䖦字。爾雅之次蟗、卽許之蠿字。』是說近之，然陸氏音義未能言之也。作网鼄蟊、謂卽今能作罔之蛛蝥也。」
159	𥃔	待考		羣虞合三平	guo	·𥃔，構形不明。《名義》：「𥃔，下倶反。種樹。」《廣韻》：「𥃔，《聲類》云：『樹種也。』」
160	𩨷𩨭	待考		溪歌合三平	khua	·𩨷，「𦚢𩨷」，手足病。《廣韻》：「𩨷，手足疾皃。去靴切。二。」
161	𡇱	待考		溪覺二入	khoeuk	·𡇱，構形不明。《廣韻》：「𡇱，鞭聲。〔苦角切〕」《玉篇》：「𡇱，苦角切。鞭聲。」
162	𡇠	待考		知麥開二入	treek	·𡇠，《廣韻》：「𡇠，硬皃。」
163	𩭿	待考		日鎋開二入	**	·𩭿，細毛；《裴韻》而轄反；《廣韻》而轄切；《玉篇》女鎋切。
164	閐	待考		心覃開一去	somh	·閐，《名義》五椊反；《廣韻》蘇紺切。
165	𦔯	待考		生麻開二去	sraeh	
166	䵘	待考		生佳開二去	sreeh	·䵘，同「曬」，《名義》：「䵘，所觧反。曬，曝，孋。」《玉篇》：「䵘，所懈切。亦作曬。」《廣韻》：「䵘，不黏之皃。或與曬同。〔所賣切〕」
167	氏	待考		精清開三平	tsiaeng	·氏，此音用於「狋氏」一詞。《廣韻》：「狋氏，縣名。狋，音權。」
168	䴰	待考		船燭三入	zjuok	·䴰，《廣韻》：「䴰，姓也。梁四公子䴰䵎之後。〔神蜀切〕」《太平廣記》卷八十一引《梁四公記》：「䴰䵎。(上蜀下湍)」字形與聲韻不合，待考。
169	瞚䀢	待考		書真合三去	sjwinh	·瞚，《說文》：「瞚，開闔目數搖也。从目、寅聲。」又作「瞬」，《莊子》：「終日視而目不瞚」釋文：「瞚，字又作瞬。」。「瞚」上古合口文部，與「寅」聲聲系不合。
170	𥝩(穗)	待考		邪脂合三去	zwih	
171	𨾂	待考		云微合三去	ujh	·𨾂，《廣韻》：「𨾂，獸，似䑕。」當與「彙」有關：《爾雅·釋獸》：「彙，毛刺。」郭璞注：「今蝟，狀似鼠。」
172	橀	待考		曉咍開一上	heojq	·橀，木名。《名義》呼奚反；《玉篇》呼奚切；《王三》呼鷄反；《廣韻》呼雞、呼改二切。呼改切之音與字形不合，疑或將之與「醢」右旁混淆，遂誤讀｛醢｝音，待考。
173	蝷	待考		來錫開四入	lek	·蚸，《爾雅·釋蟲》：「蟿螽，螇蚸。」陸德明釋文：「或作蚗。郭音歴；孫音昔。」《名義》力狄反；《玉篇》蚩亦、力的二切；《新撰字鏡》蚩亦、力狄二反；《廣韻》郎擊切。
174	傄	待考		曉黠合二入	hweet	·傄，疑本「𥄗」聲，待考。
175	暹	待考		心鹽開三平	siem	·暹，用爲人名，原本《玉篇》：「暹，思廉反。魏志有韓暹也。」《名義》：「暹，且廉反。銛也。」《顏氏家訓》：「名暹，自稱爲纖。」周祖謨曰：「暹、纖切韻並音息廉反，在鹽韻，顏讀當與切韻相同，疑此『纖』字或爲『殲』、『瀸』等字之誤。殲、瀸切韻子廉反，亦鹽韻字，而聲有異。暹心母，殲精母也。」待考。
176	𤡧	待考		匣皆開二去	gheejh	·𤡧，雌狢，又見平表切之「𧴎」。
177	𥄎𢔠	待考		清昔合三入	tshwiaek	·𥄎、𢔠，小動、小行，形音義待考。
178	覎	待考		影嚴開三去	qyomh	·覎，《廣韻》：「覎口，墟名，在富春渚上也。」
179	狋	待考		羣仙合三B平	guen	·狋，《說文》：「狋，犬怒皃。从犬、示聲。一曰犬難得。代郡有狋氏縣。讀又若銀。」《漢書·地理志下》：「狋氏」孟康曰：「狋音權。氏音精。」
180	矨	待考		疑青開四上	ngengq	·矨，「䂔𥏎」，中古迥韻疊韻詞，小皃。《廣韻》：「矨，小皃。〔五剄切〕」可參：楊寶忠《疑難字三考》、張磊《〈新撰字鏡〉研究》P113-114。
181	𦚢	待考		影歌合三平	qua	·𦚢，「𦚢𩨷」，手足病。《玉篇》：「𦚢，烏茄切。足病也。」《廣韻》：「𦚢𩨷，手足曲病。於靴切。二。」
182	𧤽	待考		云藥合三入	uak	·𧤽，《說文》：「籆，收絲者也。从竹，蒦聲。𧤽，籆或从角从閒。」「𧤽」似爲「閒」聲，上古與「籆」聲韻遠隔，《說文》或體可疑。《集韻》作「𧤯」。
183	𪏉	待考		知鹽開三平	triem	·𪏉，黃色，此詞與｛黇｝、｛𪏂｝同源。《玉篇》：「𪏉，音霑。黃色。」《廣韻》：「𪏉，黃也。〔張廉切〕」
184	皽	待考		章宵開三平	tjiew	·皽，《集韻》又作「𤿘」。
185	𣳤	待考		知咸開二去	treemh	·𣳤，構形不明，《廣韻》：「𣳤，江岸上地名也。出《活州記》。」
186	蘸	待考		莊咸開二去	tsreemh	·蘸，《說文新附》：「蘸，以物没水也。此蓋俗語。从艸未詳。」構形不明。《玉篇》：「㺘，阻懺切。」似與之同諧聲。
187	𨢹	待考		章清開三平	tjiaeng	·𨢹，《玉篇》音征，又作「𦡅」。
188	𦳮	待考		章昔合三入	tjwiaek	·𦳮，《廣韻》：「𦳮，𦳮卷。之役切。一。」
189	猘	待考		見祭開三B去	kyejh	·猘，狂犬，又作「狾」、「瘈」，《說文》：「狾，狂犬也。从犬、折聲。《春秋傳》曰：『狾犬入華臣氏之門。』」今本《左傳·襄公十七年》作「瘈狗入於華臣氏」；《漢書·五行志》作「狾狗入於華臣氏」。《左傳》「瘈狗」釋文：「徐居世反。一音制。《字林》作『狾』。九世反。云狂犬也。」
190	𡮞	待考		知職開三入	tryk	·𡮞，《廣韻》：「𡮞，丁力切。又丁六切。三。」其字形與讀音不合，《廣韻》未注字義；《篇海類編》：「𡮞，康也，健也。」待考。
191	筯	待考		澄魚開三去	dryoh	·筯，《名義》：「筯，仕據反。佐也。耡也。」《玉篇》：「筯，直據切。匙筯。與箸同。」《王三》：「筯，直據反。或作箸。二。」《廣韻》：「箸，匙箸。遟倨切。四。筯，上同。」義爲“耡”的「筯」是「耡」之異體、義爲“匙箸”的「筯」爲「箸」之異體，兩者爲同形字，後者讀音與「助」聲不合，疑爲會意字。
192	𩬳	待考				
193	𩄚	待考		精脂開三平	tsi	·𩄚，《說文》：「𩄚，雨聲。从雨、眞聲。讀若資。」《廣韻》作「𩆂」。
194	艐	待考		溪歌開一去	khah	·艐，「艐」字或謂「㚇」聲字、或謂「屆」古字，中古皆不入箇韻。此音始見於《廣韻》。鄭張尚芳以爲「舟斂足會意擱淺，右非聲」（見：鄭張尚芳《上古音系》），無據。《集韻》此音出異體作「𣹇」，恐是依音義造字。未詳。
195	艐䁓	待考		見皆開二去	keejh	·艐，《爾雅》：「艐，至也。」陸德明釋文引孫炎曰：「艐，古屆字。」《方言》：「艐，至也。宋語也。」郭璞注：「艐，古屆字。」此字又子紅切。《說文》：「艐，船著不行也。从舟、㚇聲。讀若䔂。」「艐」何以爲古「屆」字待考，不似訓讀。·䁓，蓋「艐」省聲，義爲“怒”，與作孔切、作弄切的、義爲“竊視”的「䁓」爲同形字。
196	浩	待考		見合開一入	kop	
197	𩅦	孫休		影刪合二平	qwaen	·𩅦，《廣韻》：「𩅦，吳主孫休長子名。見《吳志》。」
198	𧟨	孫休		匣先合四平	ghwen	·𧟨，《唐韻》：「𧟨，胡涓切，音玄。」《類篇》：「𧟨，吳王孫休子字。」
199	𠅬	孫休		幫豪一平	paw	·𠅬，《廣韻》：「吳主四子字，名盟也。」
200	𩃙	孫休		見庚合二平	kwaeng	·𩃙，《廣韻》「𩃙，吳主孫休二子名。」
201	壾	孫休		明唐一上	mangq	·壾，《廣韻》「壾，吳主孫休子名。見《吳志》。」
202	𥂇	孫休		來屋一入	louk	·𥂇，《廣韻》：「𥂇，吳王孫休三子名。」
203	莔	孫休		曉迄開三入	hyt	·莔，《廣韻》：「莔，吳王孫休長子字也。」
204	㴦	誤讀		見東三平	kung	·㴦，「涫」之訛字，音隨形變。說見：葛信益《〈廣韻〉訛奪舉正（增定稿）》。
205	𢞏	誤讀		溪東三平	khung	·𢞏，「悺」之訛字，《廣雅·釋詁一》：「𢞏，憂也。」王念孫疏證：「悺者，《說文》：『悹，憂也。』」音隨形誤，遂音去宮切，《名義》已反去中，是誤自顧野王《玉篇》。
206	鵼	誤讀		溪東一平	khoung	·鵼，「鵄」訛爲「鵛」、又變爲「鵼」，音隨形變而讀苦紅切。《廣雅·釋鳥》：「鵛雀，怪鳥屬也。」說見楊寶忠《疑難字續考》P441-442。
207	鈆	誤讀		章鍾三平	tjuong	·鈆，「鉛」之訛字，音隨形變。《正字通·金部》：「鈆，俗鉛字。舊註：『音終，美鐵，俗作鉛。』誤。按《集韻》『鉛』或作『鈆』改音終，非。」
208	𥾣	誤讀		章支開三平	tjie	·𥾣，本「紱」之俗訛。說見：楊寶忠《疑難字續考》P162。
209	鵐	誤讀		明虞三平	muo	·鵐，雀類，疑「鵄」之流變，音隨形變。
210	殍	誤讀		滂虞三平	phuo	·殍，本「𠬪」聲，作「𣧶」，後訛作「殍」，《廣韻》芳無切：「殍，餓死。」此音蓋因訛形誤讀｛孚｝之音。
211	䨕	誤讀		影虞合三平	quo	·䨕，疑爲「霈」（「霈」爲「沛然」之「沛」的加旁字）之訛字，《慧琳音義》卷二十一引劉熙注《孟子》曰：「霈然，注雨皃。」是其證。既誤从「汙」，音隨形變，誤讀憶俱切。
212	𤮚	誤讀		來灰合一平	loj	·𤮚，「」之俗訛，音隨形變而讀同雷。說見：龍宇純《〈廣韻〉校記》P25、余迺永《新校互註宋本〈廣韻〉（定稿本）》P606-607。
213	戕	誤讀		見歌開一平	ka	·戕，「戕牁」，郡名。「戕」音古俄切乃誤讀「戕」爲｛牁｝。
214	峘	誤讀		匣寒合一平	ghwan	·峘，即「恆山」之「恆」，誤讀「𠄢」聲。說見：葛信益《〈廣韻〉訛奪舉正（增定稿）》。
215	𦰿𦷛	誤讀		端歌開一平	ta	·𦷛、𦰿，蓋「傰」之訛字，《廣韻》：「𦰿，姓也。漢有𦰿宗。」《漢書》作「傰宗」蘇林曰：「傰，音朋。」晉灼曰：「音倍。」洪頤煊《讀書叢錄》卷十二：「朋、多字形相近，因訛作『𦰿』字，讀爲多音，非也。」亦可參：冀小軍《讀〈《篆隸萬象名義》〉校釋劄記》。
216	蕄	誤讀		明耕二平	meeng	·蕄，《說文》：「䉍，存也。从心，𥳑省聲。讀若𥳑。」段玉裁注：「蕄與䉍相似，而竹艸不同。又後人音切與讀簡大異。葢蕄者、䉍之譌，竹誤而爲艸也；𢡗者、蕄之譌，門誤而爲明也；又誤而去心作萌。而郭反以武庚，《玉篇》從之；又誤而以萌爲萠；而陳博士施乾反以莫登，《廣韵》本之。此展轉貤繆之故。」
217	蕄	誤讀		明登一平	meong	·蕄，見莫耕切之「蕄」。
218	𪇭	誤讀		清泰開一去	tshajh	·𪇭，「𪆴」之訛字。說見：柳建鈺,羅薇《〈漢語大字典〉第二版疑難字考辨》。
219	𥦠	誤讀		以虞合三上	juoq	·𥦠，蓋「窪」之訛字。「窪」又作「窊」，或不識「窊」「窳」之別，故誤將作爲「窊」異體的「窪」讀爲｛窳｝。
220	鶆	誤讀		來咍開一平	leoj	·鶆，《爾雅·釋鳥》：「鷹，鶆鳩。」郭璞注：「鶆，當爲『鷞』字之誤耳。《左傳》作『鷞鳩』是也。」陸德明釋文：「來鳩，來字或作鶆，郭讀作爽，所丈反，衆家並依字。樊云：『來鳩，鷞鳩也。』《字林》作鶆，音來，云：『鶆鳩，鷹也。』」《左傳·昭公二十年》：「昔爽鳩氏始居此地。」杜預注：「爽鳩氏，少皞氏之司寇也。」此字係「鷞」之訛字，後人見其作「來」旁而音洛哀。說見：余迺永《新校互註宋本〈廣韻〉（定稿本）》P609、柳建鈺,羅薇《〈漢語大字典〉第二版疑難字考辨》。
221	䥍𢄢	誤讀		章脂開三去	tjih	·𢄢，本「埶」聲，音舒芮切，後訛作「執」，遂據字形誤讀脂利切。段玉裁《說文解字注》：「𢄢，禮巾也。从巾、埶聲。篆體二徐皆作『𢄢』。大徐曰『从執』，小徐曰『執聲』，皆誤。」
222	䥍	誤讀		章緝開三入	tjip	·䥍，見脂利切之「䥍」。
223	𥪋	誤讀		來屋一入	louk	·𥪋，「𥪋」右旁爲「𢑘」（《說文》「籀文鬽字」）。段玉裁「𥪋」下注：「今音房六切。非也。」其說是也。中古盧谷切之音蓋或誤以爲右旁作「彔」、爲聲符而誤讀｛彔｝音所致。
224	絭	誤讀		見燭三入	kuok	·絭，《說文》：「絭，攘臂繩也。从糸、龹聲。」《名義》祮媛反；《玉篇》袪緩切；《廣雅音註》基員反；《漢書注》去權反、又音眷；《王三》去願、居玉二切。頗疑由於此字與「𦅽」形近，故誤植「𦅽」之音讀于此字上。
225	𧪞	誤讀		心質合三入	swit	·𧪞，「盍」聲，本音胡臘、古盍切，辛聿切之音與字形不合，當有誤，有兩種致誤可能：1.「𧪞」或訛作「𧧓」後被誤識爲「血」聲，遂誤讀如｛恤｝；2.同訓“靜”的「侐」或許有辛聿切之異讀，後由於與「𧪞」形音義皆近，遂誤植此音於「𧪞」上。
226	頨	誤讀		云虞合三上	uoq	·頨，《說文》：「頨，頭妍也。从頁，翩省聲。讀若翩。」段玉裁注：「从頁。翩省聲。讀若翩。按此當紕延切。古音在十二部。《篇》、《韵》王矩一切，葢有認爲羽聲者耳。《廣韵》注云：『孔子頭也』。又附會以爲孔子圩頂之圩。」其說可從。
227	疒	誤讀		崇陽開三平	dzryang	·疒，《說文》：「𤕫，倚也。人有疾病，象倚箸之形。凡𤕫之屬皆从𤕫。」段玉裁注：「或謂卽牀狀牆戕之左旁。不知其音迥不相同也。」又見尼戹切之「疒」。
228	𨟠	誤讀		溪仙合三B平	khuen	·𨟠，古鄉名，在河東聞喜，又作「䣤」，《集韻》又作「酄」。《名義》「𨟠」空缚反；《玉篇》「𨟠」九縛切，「䣤」苦縛、具縛二切；《王三》「𨟠」去約反，「䣤」衢籰反；《廣韻》「𨟠」去約、丘圓二切；「䣤」具籰切；《集韻》「𨟠」乞約、厥縳二切，「䣤」乞約、屈縳、局縳三切，「酄」驅圓切。河東聞喜鄉名之詞本讀藥韻，作「𨟠」，或誤識爲「雚」旁，遂誤讀仙三B。
229	𦓾	誤讀		來真合三上	lwinq	·𦓾，《名義》：「耣，力尹反。𦓾。」《玉篇》：「耣，力尹切。耣𦓾、束禾也。 𦓾，臥尹切。耣𦓾。」《新撰字鏡》：「耣，力君反。𦓾也。」《王三》：「耣，力尹反。𦓾。一。」《廣韻》：「耣，束也。力準切。二。𦓾，上同。」是「𦓾」本「耣」之訓語，兩字異音，或誤將之認爲「耣」之異體。
230	碬	誤讀		匣麻開二平	ghae	·碬，礪石，「碫」之訛字，本音丁貫切(見《廣韻·換韻》鍛小韻)，胡加切之音乃別一字，與「磍碬」之「碬」形同混淆所得。《王三》：「碬，礪石。〔胡加反〕」《廣韻》：「碬，礪石也。《春秋傳》曰：『鄭公孫碬，字子石。』〔胡加切〕」是《切韻》系韻書以此「碬」字義爲“礪石”。大徐本《說文》：「碬，厲石也。从石、叚聲。《春秋傳》曰：『鄭公孫碬，字子石。』」段玉裁改「碬」作「碫」，注曰：「碫篆舊作碬。《九經字樣》所引《說文》巳然，今依《詩·釋文》及《玉篇》正。碫石本作厲石，自《詩·釋文》所引巳然，今正。《大雅》『取厲取碫』，今本作『取鍛』，當依《釋文》『本又作碫。』毛傳曰：『碫，逗碫石也。』」段說極是。《毛詩·大雅·公劉》「取厲取鍛」毛傳曰：「碫，石也。」是「厲」「鍛」並舉，皆“厲石”，此段「館」「亂」「鍛」叶上古元部韻，可證“礪石”義之「碬」本「段」聲、爲「碫」之訛字無疑。古書中確有胡加切之「碬」字，別一義。原本《玉篇》：「丁加反。《埤蒼》：『磍碬，髙下也。』」
231	䪗𩋥	誤讀		匣麻開二平	ghae	·䪗，履後帖,「𩏇」之訛字，本音徒管切，胡加切之音乃字形訛誤後古人望形生音所的。《廣韻》：「䪗，履跟後帖。〔胡加切〕」其義與《說文》「𩏇」同，顯爲一字。《說文》：「𩏇，履後帖也。从韋、段聲。」段玉裁注：「古本葢衹有『𩏇』『緞』二篆。自『从段』譌為『从叚』，而《篇》、《韵》皆有『䪗』『縀』，音乎加切。此『𩏇』篆之上亦妄增『䪗』篆，云：『履也。』…正如石部『碫』譌為『碬』。各本《說文》乃作『碬』耳。今刪『䪗』篆。」
232	犳	誤讀		章藥開三入	tjyak	·犳，《切三·藥韻》之爍反：「《山海經》曰：『隄山有獸，豹而文首名犳。』」《山海經·北山經》：「〔隄山〕有獸焉，其狀如豹而文首，名曰狕。」郭璞注：「狕，音幺。」是「犳」本「狕」之誤，音隨形變而讀勺音。說見：張湧泉《漢語俗字叢考》P374、楊寶忠《疑難字考釋與研究》P210。
233	𤜼	誤讀		崇先開四平	**	·𤜼，《廣韻》：「𤜼，獸似豹而少文。崇玄切。一。」葛信益以「𤜼」爲「犳」之訛字。說見：葛信益《〈廣韻〉訛奪舉正（增定稿）》。
234	𠒜	誤讀		疑元合三上	nguonq	·𠒜，葛信益謂「㞁」之訛字（說見：葛信益《〈廣韻〉訛奪舉正（增定稿）》），余迺永謂其就「元」聲而有虞遠切之音（說見：余迺永《新校互註宋本〈廣韻〉（定稿本）》P755）。
235	鼁	誤讀		溪魚開三去	khyoh	·鼁，《廣韻》：「鼁𪓰，似蝦蟆居陸地。〔丘倨切〕」戴震《聲韻考》卷四《論韻書中音義答秦尚書》：「如《爾雅》之鼀、𪓰，鼀，力竹反，从圥得聲，訛而爲鼁，遂讀起據反。」
236	𧷎𥌄	誤讀		溪沒合一入	khot	·𧷎，《說文》：「𧷎，囚突出也。从土、㕢聲。」楊寶忠謂以其字从「圣」得聲而俗讀苦骨切，其說可從。說見：楊寶忠《疑難字考釋與研究》P744。
237	虖	誤讀		曉虞合三平	huo	
238	㤾	誤讀		心覃開一去	somh	·㤾，「悇」之誤字，音隨形變。
239	㾇	誤讀		明屋三入	muk	·㾇，《廣韻》：「㾇，㾇病。〔莫六切〕」楊寶忠曰：「《萬象名義》《切韻》系韻書均無『㾇』字，《玉篇》收入疒部指末，蓋唐宋人所增。《廣韻》入聲屋韻莫六切：『㾇，㾇病。』《龍龕》卷四疒部：『㾇，音目。㾇病也。又俗，七余反。』七余反之『㾇』當是『疽』之俗訛，《廣韻》平聲魚韻『疽』字正讀七余切。莫六切、訓病之『㾇』疑亦『疽』字俗訛，字變從目，因讀同目音，望形生音也；漫訓爲病，望形生義也。」說見：楊寶忠《疑難字考釋與研究》P706。
240	𢅼	誤讀		泥寒開一去	nanh	·𢅼，見乃回反之「𢅼」。
241	䨣	誤讀		見麥開二入	keek	·䨣，《說文》：「䨣，雨濡革也。从雨从革。讀若膊。」此字蓋由「霸」上剝離產生的，許慎所謂「雨濡革也」蓋望形生訓。其音在幫組，中古讀古核切蓋望形生音而讀同「革」。
242	𦱟	誤讀		明登一平	meong	·𦱟，本「𦲯」之訛字。葛信益以爲古人誤認此字上體與武登切之「瞢」相同，遂讀武登切（說見：葛信益《〈廣韻〉訛奪舉正（增定稿）》）；其說近是。《廣韻》武登切：「𦱟，穢也。」乃取「𦲯」之義與「𧀧」之音。
243	屾	誤讀		生臻開三平	sryin	·屾，大徐本《說文》：「屾，二山也。凡屾之屬皆从屾。」小徐本末有「闕」字。段玉裁注：「此闕謂闕其讀若也。今音所臻切。恐是肊說。」
244	鹷	誤讀		來青開四平	leng	·鹷，《廣韻》郎丁切：「鹷，壃鹷。」《正字通·鹵部》：「鹷，譌字。舊註：音靈。壃鹷也，鹽也。誤。」楊寶忠讚同張說，謂「鹷」爲「鹶」之俗訛字（說見：楊寶忠《疑難字續考》）。布按：其說可從。《廣韻》注文費解，疑爲「塩〻」之誤，「塩(鹽)」訛作「壃」、作爲「也」的「〻」被改爲字頭，遂有「壃鹷」之注。《集韻·青韻》郎丁切「鹷，鹽也」與《廣韻》所本同，皆以訛形望文生訓爲「鹽」、望形生音讀郎丁切。
245	𩾗	誤讀	鷦	精宵開三平	tsiew	·𩾗，即「鳭」。《爾雅》：「鳭鷯，剖葦。」「鳭」正音都聊切tew，後人誤讀「鳭鷯」爲｛鷦鵬｝，遂音即消切tsiew。
